ID,Lable
1,109
2,199
3,164
4,185
5,198
6,53
7,58
8,178
9,85
10,159
11,65
12,120
13,171
14,86
15,190
16,103
17,94
18,92
19,181
20,190
21,8
22,165
23,101
24,132
25,193
26,118
27,111
28,15
29,106
30,20
31,98
32,172
33,175
34,187
35,76
36,116
37,181
38,152
39,184
40,160
41,116
42,99
43,182
44,131
45,173
46,1
47,24
48,83
49,183
50,45
51,26
52,92
53,142
54,71
55,115
56,99
57,34
58,165
59,124
60,81
61,87
62,90
63,176
64,14
65,194
66,40
67,127
68,93
69,179
70,89
71,141
72,159
73,174
74,111
75,127
76,144
77,176
78,141
79,22
80,9
81,50
82,70
83,50
84,7
85,132
86,19
87,197
88,77
89,29
90,134
91,29
92,73
93,9
94,57
95,122
96,42
97,127
98,85
99,89
100,95
101,28
102,137
103,52
104,159
105,175
106,109
107,48
108,116
109,196
110,115
111,92
112,153
113,155
114,13
115,122
116,75
117,26
118,112
119,151
120,111
121,27
122,119
123,67
124,95
125,79
126,176
127,143
128,32
129,128
130,166
131,136
132,194
133,141
134,156
135,197
136,137
137,118
138,43
139,78
140,18
141,90
142,110
143,103
144,47
145,29
146,63
147,0
148,49
149,76
150,193
151,31
152,122
153,121
154,45
155,103
156,145
157,168
158,26
159,78
160,167
161,57
162,2
163,151
164,142
165,15
166,122
167,37
168,94
169,13
170,32
171,80
172,41
173,56
174,78
175,131
176,140
177,156
178,148
179,168
180,62
181,162
182,113
183,100
184,86
185,67
186,179
187,126
188,166
189,79
190,2
191,34
192,57
193,171
194,187
195,191
196,146
197,182
198,38
199,146
200,65
201,13
202,18
203,140
204,139
205,9
206,145
207,183
208,144
209,61
210,150
211,40
212,13
213,124
214,124
215,31
216,31
217,5
218,84
219,120
220,104
221,60
222,30
223,170
224,189
225,97
226,93
227,66
228,107
229,130
230,33
231,152
232,66
233,67
234,122
235,180
236,127
237,133
238,2
239,179
240,18
241,130
242,102
243,172
244,131
245,35
246,190
247,119
248,129
249,102
250,64
251,137
252,40
253,12
254,51
255,135
256,179
257,43
258,51
259,147
260,136
261,123
262,103
263,138
264,10
265,127
266,129
267,85
268,64
269,39
270,68
271,120
272,88
273,58
274,38
275,51
276,174
277,158
278,64
279,7
280,24
281,22
282,84
283,155
284,56
285,30
286,167
287,48
288,89
289,189
290,163
291,103
292,58
293,109
294,47
295,1
296,121
297,155
298,134
299,74
300,39
301,170
302,34
303,51
304,123
305,47
306,90
307,182
308,113
309,152
310,103
311,173
312,165
313,81
314,51
315,55
316,171
317,18
318,111
319,14
320,94
321,72
322,63
323,128
324,6
325,98
326,117
327,136
328,7
329,198
330,26
331,81
332,153
333,147
334,11
335,89
336,132
337,59
338,134
339,51
340,75
341,1
342,144
343,40
344,114
345,175
346,130
347,119
348,74
349,136
350,192
351,91
352,199
353,51
354,30
355,142
356,187
357,59
358,6
359,2
360,67
361,25
362,148
363,46
364,56
365,134
366,15
367,186
368,103
369,40
370,30
371,5
372,121
373,78
374,129
375,59
376,135
377,5
378,171
379,138
380,166
381,64
382,117
383,156
384,134
385,77
386,51
387,25
388,154
389,181
390,154
391,119
392,76
393,40
394,115
395,91
396,160
397,77
398,26
399,34
400,93
401,144
402,11
403,187
404,68
405,182
406,41
407,9
408,103
409,13
410,152
411,41
412,178
413,167
414,102
415,146
416,178
417,130
418,93
419,112
420,24
421,10
422,39
423,87
424,144
425,131
426,101
427,13
428,75
429,150
430,85
431,86
432,113
433,152
434,117
435,27
436,4
437,59
438,125
439,131
440,2
441,114
442,138
443,13
444,113
445,172
446,69
447,190
448,165
449,138
450,178
451,161
452,151
453,81
454,148
455,195
456,63
457,105
458,174
459,21
460,196
461,56
462,43
463,164
464,53
465,132
466,42
467,193
468,66
469,109
470,102
471,0
472,62
473,79
474,138
475,88
476,25
477,36
478,155
479,71
480,31
481,125
482,129
483,144
484,9
485,165
486,102
487,161
488,49
489,170
490,139
491,120
492,146
493,191
494,98
495,10
496,104
497,143
498,47
499,36
500,59
501,30
502,82
503,184
504,37
505,94
506,62
507,144
508,19
509,199
510,35
511,64
512,67
513,136
514,57
515,47
516,89
517,165
518,47
519,156
520,151
521,125
522,147
523,111
524,146
525,185
526,148
527,162
528,160
529,52
530,157
531,41
532,181
533,52
534,0
535,167
536,178
537,34
538,1
539,129
540,56
541,34
542,19
543,90
544,113
545,82
546,72
547,168
548,93
549,22
550,0
551,25
552,183
553,118
554,137
555,109
556,116
557,34
558,71
559,66
560,94
561,168
562,100
563,13
564,20
565,51
566,73
567,36
568,190
569,129
570,175
571,188
572,193
573,174
574,100
575,138
576,175
577,157
578,132
579,179
580,199
581,142
582,133
583,45
584,115
585,187
586,14
587,100
588,176
589,59
590,28
591,0
592,64
593,194
594,70
595,198
596,85
597,124
598,160
599,27
600,152
601,109
602,43
603,7
604,124
605,23
606,197
607,151
608,70
609,163
610,118
611,74
612,198
613,8
614,126
615,37
616,196
617,190
618,49
619,178
620,108
621,176
622,114
623,122
624,94
625,150
626,97
627,134
628,62
629,44
630,192
631,131
632,164
633,52
634,199
635,159
636,126
637,39
638,62
639,144
640,4
641,87
642,155
643,102
644,187
645,137
646,104
647,129
648,149
649,154
650,198
651,116
652,55
653,194
654,183
655,36
656,177
657,62
658,16
659,8
660,138
661,140
662,160
663,198
664,80
665,193
666,140
667,179
668,198
669,61
670,124
671,60
672,54
673,59
674,18
675,30
676,77
677,61
678,191
679,180
680,28
681,97
682,191
683,56
684,131
685,52
686,102
687,172
688,113
689,138
690,94
691,135
692,37
693,34
694,186
695,193
696,157
697,69
698,5
699,104
700,47
701,198
702,20
703,34
704,53
705,18
706,45
707,28
708,126
709,73
710,123
711,65
712,129
713,107
714,131
715,159
716,187
717,21
718,199
719,194
720,86
721,72
722,105
723,162
724,138
725,21
726,9
727,27
728,82
729,62
730,27
731,172
732,87
733,194
734,153
735,98
736,23
737,3
738,13
739,171
740,94
741,105
742,154
743,133
744,170
745,108
746,53
747,38
748,93
749,154
750,99
751,77
752,96
753,24
754,38
755,50
756,191
757,189
758,44
759,169
760,46
761,132
762,77
763,23
764,171
765,164
766,80
767,169
768,159
769,72
770,60
771,60
772,185
773,25
774,186
775,98
776,57
777,171
778,75
779,53
780,149
781,61
782,6
783,28
784,52
785,29
786,102
787,104
788,117
789,176
790,116
791,57
792,112
793,181
794,90
795,55
796,109
797,69
798,32
799,165
800,17
801,112
802,25
803,191
804,162
805,134
806,14
807,80
808,15
809,171
810,93
811,169
812,194
813,34
814,135
815,20
816,192
817,173
818,140
819,95
820,183
821,64
822,15
823,159
824,194
825,60
826,143
827,4
828,24
829,2
830,123
831,77
832,5
833,14
834,73
835,158
836,77
837,196
838,92
839,176
840,108
841,138
842,133
843,120
844,179
845,17
846,112
847,85
848,38
849,111
850,171
851,88
852,14
853,180
854,185
855,43
856,132
857,163
858,98
859,166
860,172
861,7
862,67
863,78
864,181
865,23
866,7
867,171
868,84
869,8
870,101
871,46
872,7
873,44
874,41
875,83
876,57
877,159
878,101
879,169
880,14
881,179
882,159
883,25
884,92
885,147
886,73
887,13
888,20
889,165
890,132
891,43
892,56
893,41
894,142
895,128
896,149
897,99
898,108
899,43
900,90
901,0
902,85
903,191
904,110
905,43
906,70
907,117
908,37
909,1
910,38
911,64
912,93
913,176
914,108
915,129
916,79
917,94
918,69
919,140
920,19
921,136
922,69
923,164
924,21
925,27
926,177
927,146
928,81
929,26
930,172
931,163
932,148
933,69
934,68
935,84
936,21
937,79
938,45
939,76
940,100
941,160
942,48
943,105
944,150
945,177
946,103
947,88
948,148
949,133
950,131
951,158
952,88
953,37
954,70
955,192
956,125
957,5
958,6
959,11
960,155
961,8
962,90
963,48
964,186
965,16
966,127
967,160
968,100
969,169
970,125
971,61
972,145
973,50
974,14
975,63
976,24
977,83
978,132
979,16
980,190
981,146
982,190
983,51
984,88
985,104
986,124
987,9
988,173
989,162
990,163
991,49
992,175
993,114
994,75
995,27
996,5
997,105
998,13
999,166
1000,85
1001,78
1002,94
1003,78
1004,19
1005,24
1006,38
1007,187
1008,88
1009,159
1010,110
1011,109
1012,86
1013,161
1014,152
1015,190
1016,195
1017,33
1018,185
1019,138
1020,145
1021,93
1022,62
1023,53
1024,111
1025,120
1026,40
1027,133
1028,125
1029,45
1030,63
1031,107
1032,196
1033,5
1034,68
1035,78
1036,131
1037,7
1038,112
1039,188
1040,135
1041,153
1042,168
1043,79
1044,89
1045,117
1046,113
1047,38
1048,76
1049,125
1050,166
1051,163
1052,59
1053,114
1054,143
1055,99
1056,87
1057,195
1058,41
1059,48
1060,121
1061,83
1062,59
1063,113
1064,162
1065,157
1066,148
1067,23
1068,122
1069,189
1070,90
1071,105
1072,180
1073,68
1074,172
1075,51
1076,199
1077,161
1078,57
1079,104
1080,100
1081,0
1082,88
1083,192
1084,37
1085,72
1086,135
1087,65
1088,9
1089,86
1090,58
1091,126
1092,69
1093,81
1094,175
1095,44
1096,180
1097,58
1098,50
1099,60
1100,58
1101,182
1102,145
1103,8
1104,126
1105,157
1106,57
1107,130
1108,156
1109,2
1110,184
1111,62
1112,17
1113,139
1114,146
1115,166
1116,162
1117,67
1118,17
1119,190
1120,127
1121,157
1122,102
1123,34
1124,192
1125,142
1126,33
1127,72
1128,198
1129,161
1130,45
1131,142
1132,150
1133,94
1134,95
1135,1
1136,44
1137,104
1138,155
1139,136
1140,177
1141,76
1142,103
1143,89
1144,140
1145,66
1146,69
1147,173
1148,152
1149,73
1150,39
1151,197
1152,189
1153,45
1154,47
1155,178
1156,177
1157,75
1158,108
1159,42
1160,53
1161,135
1162,178
1163,51
1164,92
1165,98
1166,109
1167,79
1168,1
1169,14
1170,147
1171,89
1172,198
1173,127
1174,173
1175,196
1176,19
1177,195
1178,59
1179,117
1180,21
1181,183
1182,6
1183,189
1184,146
1185,153
1186,104
1187,81
1188,156
1189,136
1190,183
1191,173
1192,18
1193,59
1194,34
1195,100
1196,172
1197,161
1198,199
1199,34
1200,11
1201,20
1202,57
1203,108
1204,92
1205,60
1206,198
1207,133
1208,138
1209,16
1210,101
1211,52
1212,32
1213,184
1214,113
1215,162
1216,159
1217,99
1218,34
1219,24
1220,38
1221,73
1222,85
1223,137
1224,193
1225,150
1226,103
1227,118
1228,31
1229,37
1230,75
1231,106
1232,22
1233,147
1234,192
1235,24
1236,19
1237,145
1238,131
1239,164
1240,78
1241,93
1242,151
1243,85
1244,98
1245,173
1246,173
1247,163
1248,189
1249,53
1250,89
1251,92
1252,67
1253,86
1254,159
1255,163
1256,40
1257,37
1258,9
1259,136
1260,171
1261,191
1262,147
1263,19
1264,8
1265,119
1266,86
1267,11
1268,80
1269,125
1270,153
1271,129
1272,76
1273,2
1274,173
1275,133
1276,58
1277,51
1278,8
1279,12
1280,161
1281,17
1282,23
1283,51
1284,77
1285,180
1286,76
1287,99
1288,105
1289,95
1290,147
1291,120
1292,105
1293,71
1294,151
1295,128
1296,11
1297,132
1298,68
1299,43
1300,38
1301,160
1302,80
1303,30
1304,39
1305,131
1306,58
1307,34
1308,184
1309,107
1310,8
1311,183
1312,150
1313,138
1314,11
1315,124
1316,103
1317,13
1318,54
1319,120
1320,164
1321,67
1322,10
1323,10
1324,150
1325,175
1326,35
1327,71
1328,170
1329,175
1330,18
1331,91
1332,106
1333,31
1334,197
1335,78
1336,119
1337,156
1338,111
1339,197
1340,177
1341,21
1342,111
1343,197
1344,120
1345,90
1346,108
1347,121
1348,170
1349,124
1350,115
1351,67
1352,143
1353,163
1354,65
1355,166
1356,68
1357,84
1358,197
1359,146
1360,40
1361,183
1362,34
1363,37
1364,54
1365,10
1366,40
1367,3
1368,52
1369,189
1370,153
1371,172
1372,53
1373,109
1374,53
1375,39
1376,105
1377,107
1378,120
1379,45
1380,64
1381,186
1382,111
1383,89
1384,197
1385,62
1386,98
1387,145
1388,158
1389,162
1390,172
1391,121
1392,167
1393,98
1394,155
1395,152
1396,42
1397,4
1398,157
1399,53
1400,138
1401,167
1402,154
1403,173
1404,163
1405,13
1406,168
1407,52
1408,71
1409,134
1410,162
1411,185
1412,148
1413,130
1414,31
1415,76
1416,36
1417,134
1418,186
1419,20
1420,70
1421,177
1422,48
1423,199
1424,94
1425,115
1426,94
1427,173
1428,140
1429,154
1430,22
1431,166
1432,147
1433,161
1434,177
1435,125
1436,36
1437,10
1438,68
1439,133
1440,90
1441,113
1442,96
1443,17
1444,168
1445,6
1446,26
1447,124
1448,159
1449,165
1450,137
1451,48
1452,170
1453,143
1454,170
1455,66
1456,23
1457,163
1458,11
1459,85
1460,102
1461,22
1462,62
1463,64
1464,139
1465,199
1466,66
1467,169
1468,198
1469,61
1470,175
1471,129
1472,33
1473,142
1474,31
1475,21
1476,27
1477,78
1478,2
1479,56
1480,163
1481,24
1482,14
1483,183
1484,96
1485,36
1486,23
1487,110
1488,68
1489,121
1490,118
1491,189
1492,189
1493,33
1494,18
1495,114
1496,144
1497,162
1498,22
1499,120
1500,148
1501,105
1502,40
1503,162
1504,161
1505,15
1506,74
1507,103
1508,149
1509,23
1510,143
1511,57
1512,70
1513,12
1514,194
1515,130
1516,113
1517,139
1518,134
1519,138
1520,130
1521,175
1522,108
1523,45
1524,152
1525,125
1526,71
1527,4
1528,54
1529,51
1530,76
1531,159
1532,104
1533,193
1534,33
1535,174
1536,7
1537,112
1538,66
1539,102
1540,199
1541,14
1542,190
1543,43
1544,143
1545,139
1546,40
1547,29
1548,131
1549,137
1550,29
1551,66
1552,110
1553,195
1554,152
1555,186
1556,106
1557,88
1558,155
1559,79
1560,3
1561,196
1562,158
1563,115
1564,174
1565,66
1566,179
1567,67
1568,109
1569,162
1570,57
1571,17
1572,195
1573,136
1574,151
1575,120
1576,39
1577,106
1578,96
1579,193
1580,161
1581,24
1582,189
1583,128
1584,9
1585,102
1586,89
1587,19
1588,5
1589,63
1590,183
1591,125
1592,110
1593,132
1594,130
1595,90
1596,140
1597,123
1598,169
1599,9
1600,159
1601,26
1602,145
1603,160
1604,43
1605,155
1606,29
1607,7
1608,39
1609,152
1610,145
1611,64
1612,66
1613,108
1614,102
1615,93
1616,112
1617,45
1618,193
1619,191
1620,149
1621,94
1622,168
1623,137
1624,35
1625,119
1626,122
1627,64
1628,6
1629,67
1630,181
1631,124
1632,185
1633,132
1634,38
1635,177
1636,156
1637,40
1638,153
1639,128
1640,36
1641,139
1642,0
1643,25
1644,165
1645,20
1646,73
1647,181
1648,60
1649,145
1650,42
1651,101
1652,112
1653,137
1654,131
1655,78
1656,15
1657,177
1658,143
1659,185
1660,96
1661,39
1662,54
1663,140
1664,183
1665,105
1666,51
1667,117
1668,198
1669,109
1670,177
1671,74
1672,148
1673,183
1674,153
1675,76
1676,191
1677,9
1678,129
1679,199
1680,152
1681,102
1682,17
1683,58
1684,16
1685,49
1686,59
1687,75
1688,56
1689,8
1690,74
1691,131
1692,26
1693,152
1694,11
1695,189
1696,175
1697,72
1698,177
1699,94
1700,179
1701,125
1702,61
1703,65
1704,140
1705,24
1706,30
1707,68
1708,15
1709,73
1710,3
1711,189
1712,74
1713,35
1714,150
1715,72
1716,16
1717,42
1718,25
1719,49
1720,134
1721,90
1722,25
1723,61
1724,153
1725,23
1726,5
1727,141
1728,3
1729,115
1730,58
1731,35
1732,14
1733,196
1734,27
1735,64
1736,132
1737,159
1738,84
1739,162
1740,66
1741,156
1742,33
1743,15
1744,188
1745,92
1746,67
1747,161
1748,73
1749,84
1750,188
1751,48
1752,28
1753,73
1754,1
1755,158
1756,174
1757,82
1758,97
1759,109
1760,7
1761,198
1762,112
1763,189
1764,141
1765,131
1766,72
1767,72
1768,135
1769,38
1770,1
1771,128
1772,78
1773,42
1774,84
1775,30
1776,111
1777,42
1778,140
1779,57
1780,11
1781,170
1782,158
1783,159
1784,106
1785,18
1786,84
1787,3
1788,153
1789,12
1790,64
1791,85
1792,74
1793,101
1794,136
1795,75
1796,126
1797,102
1798,90
1799,26
1800,142
1801,182
1802,109
1803,189
1804,157
1805,156
1806,15
1807,2
1808,6
1809,124
1810,63
1811,51
1812,175
1813,194
1814,55
1815,73
1816,64
1817,27
1818,127
1819,55
1820,104
1821,93
1822,102
1823,187
1824,41
1825,158
1826,91
1827,27
1828,56
1829,68
1830,165
1831,14
1832,47
1833,159
1834,24
1835,112
1836,143
1837,3
1838,34
1839,97
1840,38
1841,185
1842,104
1843,71
1844,10
1845,178
1846,53
1847,18
1848,91
1849,69
1850,78
1851,196
1852,5
1853,63
1854,91
1855,109
1856,81
1857,133
1858,153
1859,100
1860,189
1861,81
1862,107
1863,67
1864,70
1865,165
1866,67
1867,58
1868,82
1869,105
1870,67
1871,21
1872,180
1873,143
1874,174
1875,160
1876,151
1877,199
1878,104
1879,154
1880,41
1881,117
1882,152
1883,173
1884,64
1885,82
1886,79
1887,17
1888,183
1889,114
1890,38
1891,191
1892,39
1893,40
1894,133
1895,71
1896,133
1897,56
1898,192
1899,178
1900,46
1901,100
1902,14
1903,69
1904,152
1905,160
1906,23
1907,119
1908,144
1909,160
1910,1
1911,105
1912,70
1913,138
1914,159
1915,133
1916,110
1917,139
1918,172
1919,178
1920,192
1921,169
1922,143
1923,150
1924,195
1925,30
1926,94
1927,19
1928,60
1929,105
1930,72
1931,2
1932,12
1933,177
1934,133
1935,14
1936,43
1937,48
1938,41
1939,58
1940,177
1941,75
1942,162
1943,104
1944,163
1945,12
1946,125
1947,64
1948,123
1949,15
1950,27
1951,119
1952,40
1953,98
1954,96
1955,49
1956,26
1957,185
1958,125
1959,91
1960,79
1961,148
1962,17
1963,124
1964,95
1965,50
1966,104
1967,120
1968,50
1969,152
1970,177
1971,125
1972,28
1973,68
1974,72
1975,23
1976,87
1977,173
1978,182
1979,181
1980,139
1981,198
1982,57
1983,171
1984,93
1985,135
1986,25
1987,36
1988,78
1989,168
1990,62
1991,135
1992,191
1993,62
1994,45
1995,26
1996,16
1997,147
1998,6
1999,147
2000,6
2001,144
2002,8
2003,160
2004,113
2005,185
2006,31
2007,183
2008,188
2009,111
2010,82
2011,5
2012,62
2013,113
2014,28
2015,10
2016,25
2017,170
2018,144
2019,140
2020,167
2021,147
2022,177
2023,38
2024,198
2025,120
2026,182
2027,15
2028,23
2029,73
2030,189
2031,142
2032,25
2033,163
2034,6
2035,67
2036,38
2037,24
2038,60
2039,96
2040,28
2041,38
2042,153
2043,103
2044,102
2045,186
2046,134
2047,115
2048,118
2049,52
2050,95
2051,171
2052,88
2053,89
2054,136
2055,46
2056,165
2057,71
2058,15
2059,51
2060,61
2061,37
2062,198
2063,18
2064,70
2065,165
2066,108
2067,57
2068,91
2069,133
2070,164
2071,58
2072,18
2073,123
2074,183
2075,26
2076,3
2077,84
2078,75
2079,48
2080,163
2081,195
2082,147
2083,90
2084,28
2085,23
2086,146
2087,184
2088,31
2089,31
2090,30
2091,108
2092,81
2093,97
2094,95
2095,6
2096,88
2097,137
2098,41
2099,60
2100,9
2101,52
2102,77
2103,195
2104,33
2105,28
2106,66
2107,178
2108,36
2109,181
2110,19
2111,165
2112,171
2113,110
2114,131
2115,95
2116,171
2117,176
2118,80
2119,162
2120,111
2121,148
2122,45
2123,112
2124,130
2125,132
2126,160
2127,159
2128,107
2129,191
2130,60
2131,16
2132,50
2133,195
2134,75
2135,39
2136,37
2137,85
2138,149
2139,96
2140,98
2141,75
2142,159
2143,195
2144,7
2145,109
2146,106
2147,97
2148,199
2149,55
2150,56
2151,14
2152,75
2153,129
2154,71
2155,61
2156,138
2157,146
2158,90
2159,44
2160,34
2161,122
2162,144
2163,88
2164,127
2165,55
2166,64
2167,168
2168,154
2169,72
2170,142
2171,25
2172,115
2173,139
2174,22
2175,104
2176,142
2177,168
2178,2
2179,164
2180,62
2181,62
2182,123
2183,114
2184,49
2185,103
2186,18
2187,36
2188,156
2189,10
2190,122
2191,125
2192,27
2193,8
2194,64
2195,121
2196,174
2197,111
2198,49
2199,23
2200,73
2201,7
2202,66
2203,188
2204,9
2205,70
2206,166
2207,86
2208,124
2209,126
2210,130
2211,22
2212,92
2213,51
2214,111
2215,68
2216,167
2217,82
2218,23
2219,87
2220,172
2221,134
2222,100
2223,131
2224,162
2225,188
2226,19
2227,129
2228,161
2229,22
2230,80
2231,104
2232,55
2233,188
2234,49
2235,77
2236,198
2237,147
2238,50
2239,8
2240,2
2241,190
2242,33
2243,166
2244,151
2245,81
2246,188
2247,152
2248,113
2249,57
2250,6
2251,46
2252,91
2253,168
2254,198
2255,164
2256,124
2257,146
2258,47
2259,107
2260,106
2261,154
2262,108
2263,163
2264,50
2265,97
2266,198
2267,98
2268,114
2269,112
2270,127
2271,148
2272,107
2273,115
2274,39
2275,61
2276,156
2277,61
2278,107
2279,102
2280,28
2281,45
2282,113
2283,141
2284,131
2285,19
2286,119
2287,96
2288,179
2289,148
2290,25
2291,102
2292,101
2293,131
2294,29
2295,160
2296,29
2297,6
2298,8
2299,32
2300,9
2301,195
2302,105
2303,150
2304,151
2305,105
2306,180
2307,29
2308,156
2309,9
2310,54
2311,171
2312,88
2313,141
2314,161
2315,166
2316,31
2317,148
2318,180
2319,75
2320,20
2321,102
2322,47
2323,183
2324,60
2325,46
2326,145
2327,184
2328,1
2329,159
2330,198
2331,91
2332,199
2333,155
2334,116
2335,191
2336,109
2337,95
2338,185
2339,21
2340,80
2341,68
2342,5
2343,140
2344,72
2345,15
2346,45
2347,121
2348,124
2349,123
2350,141
2351,102
2352,100
2353,118
2354,188
2355,157
2356,100
2357,97
2358,55
2359,74
2360,164
2361,5
2362,29
2363,74
2364,125
2365,100
2366,17
2367,108
2368,80
2369,162
2370,194
2371,124
2372,43
2373,139
2374,198
2375,37
2376,86
2377,111
2378,179
2379,114
2380,12
2381,149
2382,7
2383,155
2384,67
2385,183
2386,112
2387,50
2388,7
2389,196
2390,119
2391,144
2392,31
2393,70
2394,125
2395,126
2396,185
2397,153
2398,38
2399,102
2400,122
2401,62
2402,87
2403,131
2404,86
2405,36
2406,29
2407,175
2408,144
2409,26
2410,178
2411,128
2412,18
2413,166
2414,184
2415,167
2416,48
2417,141
2418,116
2419,131
2420,82
2421,41
2422,113
2423,193
2424,120
2425,138
2426,176
2427,146
2428,108
2429,97
2430,29
2431,157
2432,191
2433,142
2434,112
2435,123
2436,140
2437,123
2438,26
2439,182
2440,126
2441,117
2442,174
2443,7
2444,91
2445,140
2446,1
2447,181
2448,97
2449,26
2450,134
2451,166
2452,114
2453,188
2454,18
2455,154
2456,49
2457,110
2458,155
2459,42
2460,79
2461,159
2462,89
2463,113
2464,192
2465,173
2466,106
2467,164
2468,63
2469,180
2470,100
2471,106
2472,39
2473,31
2474,29
2475,107
2476,119
2477,191
2478,184
2479,76
2480,187
2481,58
2482,160
2483,199
2484,87
2485,181
2486,79
2487,96
2488,107
2489,116
2490,155
2491,119
2492,199
2493,69
2494,134
2495,176
2496,37
2497,175
2498,38
2499,90
2500,40
2501,17
2502,26
2503,153
2504,157
2505,21
2506,69
2507,20
2508,54
2509,53
2510,146
2511,84
2512,20
2513,180
2514,149
2515,84
2516,91
2517,39
2518,161
2519,63
2520,124
2521,188
2522,127
2523,57
2524,158
2525,95
2526,145
2527,0
2528,180
2529,116
2530,146
2531,42
2532,172
2533,165
2534,33
2535,126
2536,170
2537,56
2538,130
2539,150
2540,95
2541,170
2542,23
2543,132
2544,136
2545,106
2546,181
2547,77
2548,143
2549,2
2550,112
2551,115
2552,148
2553,80
2554,14
2555,106
2556,57
2557,87
2558,79
2559,39
2560,45
2561,147
2562,93
2563,130
2564,33
2565,131
2566,17
2567,184
2568,73
2569,172
2570,149
2571,195
2572,2
2573,10
2574,158
2575,151
2576,138
2577,79
2578,170
2579,1
2580,77
2581,197
2582,150
2583,196
2584,167
2585,27
2586,94
2587,121
2588,74
2589,39
2590,67
2591,58
2592,183
2593,52
2594,148
2595,80
2596,185
2597,85
2598,129
2599,55
2600,32
2601,72
2602,28
2603,149
2604,193
2605,86
2606,198
2607,83
2608,24
2609,156
2610,91
2611,49
2612,139
2613,151
2614,10
2615,30
2616,198
2617,90
2618,100
2619,151
2620,71
2621,125
2622,64
2623,51
2624,139
2625,185
2626,71
2627,129
2628,180
2629,69
2630,152
2631,117
2632,16
2633,34
2634,54
2635,1
2636,130
2637,64
2638,194
2639,25
2640,45
2641,177
2642,130
2643,35
2644,184
2645,138
2646,51
2647,16
2648,4
2649,137
2650,177
2651,12
2652,30
2653,55
2654,113
2655,134
2656,134
2657,118
2658,89
2659,17
2660,153
2661,4
2662,116
2663,65
2664,148
2665,135
2666,9
2667,99
2668,68
2669,35
2670,12
2671,96
2672,114
2673,147
2674,137
2675,9
2676,1
2677,95
2678,41
2679,84
2680,78
2681,52
2682,172
2683,32
2684,52
2685,151
2686,48
2687,123
2688,22
2689,148
2690,144
2691,92
2692,197
2693,172
2694,46
2695,38
2696,66
2697,36
2698,161
2699,105
2700,48
2701,88
2702,180
2703,176
2704,164
2705,199
2706,62
2707,20
2708,140
2709,164
2710,6
2711,123
2712,143
2713,60
2714,3
2715,167
2716,41
2717,186
2718,153
2719,97
2720,32
2721,115
2722,194
2723,120
2724,104
2725,109
2726,174
2727,76
2728,34
2729,67
2730,197
2731,100
2732,192
2733,11
2734,89
2735,128
2736,18
2737,35
2738,24
2739,132
2740,51
2741,67
2742,76
2743,47
2744,178
2745,159
2746,140
2747,157
2748,168
2749,41
2750,167
2751,123
2752,54
2753,135
2754,2
2755,137
2756,79
2757,116
2758,115
2759,0
2760,185
2761,89
2762,4
2763,187
2764,24
2765,91
2766,158
2767,101
2768,161
2769,118
2770,24
2771,41
2772,50
2773,192
2774,174
2775,28
2776,126
2777,123
2778,33
2779,24
2780,28
2781,73
2782,169
2783,111
2784,49
2785,119
2786,126
2787,107
2788,26
2789,22
2790,133
2791,126
2792,66
2793,66
2794,140
2795,171
2796,42
2797,164
2798,118
2799,152
2800,98
2801,112
2802,151
2803,24
2804,57
2805,92
2806,102
2807,118
2808,167
2809,165
2810,99
2811,79
2812,141
2813,193
2814,37
2815,184
2816,182
2817,67
2818,152
2819,2
2820,69
2821,186
2822,149
2823,181
2824,36
2825,37
2826,198
2827,187
2828,51
2829,190
2830,119
2831,124
2832,21
2833,79
2834,4
2835,141
2836,47
2837,4
2838,89
2839,7
2840,34
2841,44
2842,55
2843,34
2844,101
2845,75
2846,5
2847,139
2848,78
2849,181
2850,176
2851,17
2852,51
2853,164
2854,198
2855,92
2856,69
2857,182
2858,13
2859,195
2860,179
2861,55
2862,144
2863,154
2864,144
2865,174
2866,163
2867,66
2868,50
2869,86
2870,99
2871,198
2872,134
2873,47
2874,180
2875,129
2876,182
2877,120
2878,54
2879,161
2880,69
2881,162
2882,25
2883,164
2884,48
2885,7
2886,97
2887,47
2888,34
2889,24
2890,72
2891,125
2892,106
2893,182
2894,179
2895,125
2896,10
2897,77
2898,89
2899,91
2900,112
2901,3
2902,139
2903,199
2904,55
2905,101
2906,122
2907,62
2908,67
2909,74
2910,197
2911,82
2912,139
2913,23
2914,170
2915,93
2916,50
2917,76
2918,37
2919,157
2920,13
2921,51
2922,50
2923,20
2924,39
2925,153
2926,175
2927,99
2928,1
2929,58
2930,3
2931,40
2932,111
2933,85
2934,70
2935,179
2936,167
2937,17
2938,182
2939,36
2940,159
2941,197
2942,55
2943,85
2944,105
2945,13
2946,78
2947,190
2948,6
2949,112
2950,169
2951,95
2952,137
2953,153
2954,141
2955,0
2956,151
2957,38
2958,87
2959,149
2960,25
2961,25
2962,78
2963,17
2964,60
2965,19
2966,125
2967,101
2968,36
2969,121
2970,109
2971,45
2972,55
2973,131
2974,50
2975,90
2976,50
2977,165
2978,162
2979,110
2980,93
2981,96
2982,105
2983,4
2984,122
2985,173
2986,168
2987,11
2988,164
2989,128
2990,6
2991,90
2992,101
2993,90
2994,33
2995,43
2996,9
2997,54
2998,144
2999,76
3000,43
3001,146
3002,32
3003,176
3004,60
3005,25
3006,73
3007,119
3008,119
3009,36
3010,64
3011,188
3012,143
3013,181
3014,192
3015,46
3016,44
3017,44
3018,116
3019,80
3020,190
3021,145
3022,190
3023,34
3024,81
3025,110
3026,158
3027,5
3028,80
3029,173
3030,185
3031,45
3032,58
3033,21
3034,108
3035,79
3036,118
3037,19
3038,17
3039,132
3040,58
3041,72
3042,8
3043,19
3044,50
3045,152
3046,191
3047,92
3048,59
3049,9
3050,81
3051,25
3052,91
3053,62
3054,74
3055,53
3056,199
3057,199
3058,161
3059,124
3060,137
3061,105
3062,174
3063,174
3064,132
3065,78
3066,4
3067,142
3068,193
3069,73
3070,21
3071,156
3072,8
3073,133
3074,162
3075,176
3076,72
3077,98
3078,158
3079,101
3080,13
3081,122
3082,22
3083,148
3084,70
3085,6
3086,106
3087,38
3088,146
3089,119
3090,133
3091,90
3092,65
3093,153
3094,0
3095,186
3096,175
3097,72
3098,180
3099,86
3100,108
3101,158
3102,184
3103,33
3104,76
3105,47
3106,134
3107,120
3108,177
3109,164
3110,122
3111,31
3112,170
3113,77
3114,133
3115,18
3116,193
3117,100
3118,50
3119,66
3120,116
3121,153
3122,64
3123,72
3124,158
3125,123
3126,127
3127,138
3128,38
3129,73
3130,137
3131,173
3132,50
3133,103
3134,113
3135,151
3136,49
3137,3
3138,117
3139,147
3140,189
3141,139
3142,140
3143,10
3144,172
3145,86
3146,145
3147,191
3148,172
3149,98
3150,117
3151,117
3152,97
3153,171
3154,126
3155,199
3156,91
3157,14
3158,108
3159,184
3160,30
3161,138
3162,158
3163,132
3164,45
3165,149
3166,88
3167,189
3168,88
3169,11
3170,48
3171,188
3172,141
3173,91
3174,181
3175,2
3176,37
3177,20
3178,199
3179,109
3180,123
3181,164
3182,113
3183,138
3184,175
3185,79
3186,130
3187,120
3188,122
3189,100
3190,96
3191,147
3192,151
3193,192
3194,150
3195,130
3196,35
3197,177
3198,121
3199,59
3200,161
3201,197
3202,71
3203,80
3204,5
3205,21
3206,115
3207,165
3208,185
3209,179
3210,7
3211,102
3212,135
3213,65
3214,184
3215,87
3216,66
3217,5
3218,67
3219,129
3220,54
3221,110
3222,165
3223,66
3224,192
3225,116
3226,26
3227,84
3228,78
3229,192
3230,86
3231,186
3232,63
3233,26
3234,109
3235,92
3236,152
3237,133
3238,5
3239,28
3240,123
3241,134
3242,27
3243,165
3244,141
3245,72
3246,186
3247,45
3248,158
3249,22
3250,136
3251,77
3252,116
3253,173
3254,94
3255,20
3256,163
3257,1
3258,72
3259,45
3260,76
3261,110
3262,110
3263,185
3264,95
3265,189
3266,161
3267,187
3268,58
3269,0
3270,92
3271,103
3272,123
3273,22
3274,103
3275,113
3276,129
3277,104
3278,83
3279,106
3280,43
3281,86
3282,191
3283,189
3284,1
3285,117
3286,87
3287,192
3288,98
3289,68
3290,71
3291,9
3292,185
3293,23
3294,70
3295,95
3296,132
3297,148
3298,105
3299,73
3300,24
3301,33
3302,89
3303,168
3304,100
3305,7
3306,27
3307,106
3308,140
3309,145
3310,52
3311,74
3312,72
3313,4
3314,83
3315,137
3316,120
3317,158
3318,33
3319,103
3320,96
3321,13
3322,137
3323,178
3324,38
3325,154
3326,44
3327,19
3328,185
3329,186
3330,61
3331,43
3332,127
3333,149
3334,57
3335,150
3336,67
3337,63
3338,3
3339,77
3340,88
3341,93
3342,176
3343,31
3344,141
3345,60
3346,38
3347,37
3348,181
3349,154
3350,187
3351,0
3352,115
3353,87
3354,125
3355,119
3356,188
3357,89
3358,75
3359,194
3360,18
3361,76
3362,61
3363,183
3364,118
3365,158
3366,88
3367,62
3368,19
3369,54
3370,114
3371,196
3372,176
3373,180
3374,196
3375,168
3376,85
3377,84
3378,16
3379,199
3380,159
3381,8
3382,44
3383,97
3384,22
3385,97
3386,5
3387,107
3388,43
3389,152
3390,66
3391,163
3392,74
3393,11
3394,169
3395,58
3396,169
3397,15
3398,181
3399,156
3400,182
3401,17
3402,13
3403,43
3404,87
3405,152
3406,184
3407,6
3408,135
3409,143
3410,189
3411,114
3412,91
3413,38
3414,78
3415,77
3416,46
3417,184
3418,16
3419,143
3420,87
3421,51
3422,3
3423,33
3424,78
3425,54
3426,116
3427,124
3428,124
3429,185
3430,56
3431,56
3432,42
3433,12
3434,100
3435,88
3436,16
3437,151
3438,23
3439,102
3440,0
3441,135
3442,199
3443,33
3444,165
3445,178
3446,86
3447,106
3448,131
3449,59
3450,186
3451,13
3452,10
3453,127
3454,153
3455,104
3456,41
3457,50
3458,125
3459,38
3460,186
3461,46
3462,98
3463,29
3464,77
3465,120
3466,195
3467,125
3468,132
3469,53
3470,187
3471,82
3472,191
3473,193
3474,156
3475,188
3476,88
3477,101
3478,103
3479,139
3480,101
3481,47
3482,59
3483,11
3484,63
3485,148
3486,75
3487,142
3488,43
3489,163
3490,53
3491,62
3492,186
3493,82
3494,0
3495,184
3496,95
3497,112
3498,54
3499,2
3500,39
3501,34
3502,32
3503,77
3504,94
3505,157
3506,146
3507,94
3508,2
3509,125
3510,46
3511,170
3512,12
3513,172
3514,166
3515,194
3516,31
3517,157
3518,173
3519,61
3520,192
3521,163
3522,52
3523,19
3524,9
3525,111
3526,75
3527,49
3528,114
3529,35
3530,3
3531,11
3532,60
3533,161
3534,125
3535,4
3536,88
3537,152
3538,5
3539,51
3540,32
3541,165
3542,49
3543,192
3544,47
3545,150
3546,57
3547,3
3548,69
3549,68
3550,0
3551,76
3552,171
3553,42
3554,23
3555,176
3556,178
3557,93
3558,7
3559,69
3560,186
3561,179
3562,68
3563,58
3564,25
3565,199
3566,161
3567,167
3568,15
3569,95
3570,168
3571,107
3572,126
3573,173
3574,141
3575,166
3576,95
3577,53
3578,0
3579,17
3580,11
3581,58
3582,136
3583,3
3584,159
3585,36
3586,49
3587,30
3588,105
3589,129
3590,48
3591,105
3592,64
3593,75
3594,84
3595,103
3596,65
3597,87
3598,11
3599,14
3600,49
3601,84
3602,163
3603,115
3604,111
3605,181
3606,124
3607,126
3608,176
3609,108
3610,190
3611,54
3612,114
3613,123
3614,151
3615,52
3616,26
3617,56
3618,106
3619,114
3620,181
3621,103
3622,81
3623,8
3624,52
3625,20
3626,96
3627,54
3628,30
3629,92
3630,75
3631,179
3632,4
3633,49
3634,75
3635,196
3636,36
3637,194
3638,7
3639,57
3640,121
3641,186
3642,44
3643,127
3644,6
3645,92
3646,198
3647,13
3648,26
3649,113
3650,84
3651,140
3652,31
3653,7
3654,86
3655,165
3656,55
3657,56
3658,182
3659,13
3660,102
3661,33
3662,32
3663,43
3664,123
3665,33
3666,75
3667,103
3668,147
3669,155
3670,163
3671,134
3672,57
3673,135
3674,175
3675,162
3676,66
3677,89
3678,95
3679,183
3680,111
3681,78
3682,122
3683,8
3684,141
3685,35
3686,74
3687,49
3688,98
3689,68
3690,115
3691,103
3692,0
3693,28
3694,88
3695,159
3696,195
3697,131
3698,166
3699,67
3700,29
3701,124
3702,2
3703,19
3704,32
3705,91
3706,158
3707,30
3708,94
3709,36
3710,142
3711,95
3712,186
3713,16
3714,101
3715,81
3716,114
3717,168
3718,25
3719,15
3720,179
3721,154
3722,172
3723,60
3724,84
3725,119
3726,191
3727,13
3728,196
3729,38
3730,48
3731,64
3732,160
3733,111
3734,143
3735,123
3736,97
3737,14
3738,130
3739,188
3740,40
3741,177
3742,86
3743,83
3744,68
3745,76
3746,6
3747,160
3748,141
3749,76
3750,93
3751,129
3752,59
3753,136
3754,130
3755,70
3756,167
3757,98
3758,91
3759,110
3760,2
3761,177
3762,25
3763,40
3764,82
3765,12
3766,60
3767,111
3768,57
3769,146
3770,186
3771,88
3772,6
3773,106
3774,156
3775,160
3776,149
3777,167
3778,31
3779,63
3780,143
3781,28
3782,4
3783,147
3784,156
3785,19
3786,108
3787,9
3788,173
3789,179
3790,195
3791,2
3792,44
3793,14
3794,177
3795,122
3796,10
3797,173
3798,10
3799,143
3800,135
3801,60
3802,184
3803,143
3804,135
3805,187
3806,156
3807,22
3808,51
3809,20
3810,31
3811,50
3812,91
3813,90
3814,87
3815,98
3816,153
3817,12
3818,146
3819,195
3820,99
3821,124
3822,160
3823,145
3824,129
3825,118
3826,48
3827,20
3828,93
3829,143
3830,62
3831,48
3832,26
3833,123
3834,8
3835,96
3836,173
3837,106
3838,47
3839,2
3840,176
3841,25
3842,143
3843,70
3844,104
3845,126
3846,83
3847,155
3848,179
3849,162
3850,135
3851,65
3852,191
3853,85
3854,40
3855,154
3856,180
3857,54
3858,80
3859,113
3860,24
3861,103
3862,47
3863,164
3864,21
3865,25
3866,98
3867,23
3868,147
3869,91
3870,168
3871,92
3872,161
3873,151
3874,187
3875,142
3876,178
3877,30
3878,168
3879,182
3880,38
3881,83
3882,190
3883,27
3884,67
3885,170
3886,104
3887,35
3888,174
3889,176
3890,169
3891,170
3892,46
3893,20
3894,94
3895,191
3896,3
3897,87
3898,99
3899,142
3900,20
3901,15
3902,99
3903,114
3904,34
3905,46
3906,86
3907,93
3908,188
3909,120
3910,59
3911,166
3912,155
3913,56
3914,17
3915,127
3916,32
3917,46
3918,12
3919,152
3920,109
3921,69
3922,33
3923,55
3924,121
3925,70
3926,119
3927,131
3928,112
3929,13
3930,80
3931,129
3932,65
3933,30
3934,179
3935,135
3936,8
3937,10
3938,83
3939,49
3940,10
3941,81
3942,146
3943,23
3944,150
3945,195
3946,123
3947,37
3948,40
3949,194
3950,111
3951,86
3952,26
3953,180
3954,80
3955,16
3956,163
3957,57
3958,44
3959,51
3960,144
3961,189
3962,27
3963,166
3964,97
3965,42
3966,41
3967,63
3968,160
3969,64
3970,178
3971,89
3972,74
3973,197
3974,158
3975,101
3976,17
3977,22
3978,78
3979,141
3980,137
3981,72
3982,184
3983,164
3984,80
3985,107
3986,136
3987,96
3988,119
3989,133
3990,169
3991,46
3992,175
3993,85
3994,104
3995,72
3996,94
3997,3
3998,149
3999,103
4000,44
4001,29
4002,42
4003,188
4004,115
4005,104
4006,72
4007,43
4008,51
4009,27
4010,150
4011,35
4012,114
4013,106
4014,85
4015,2
4016,126
4017,74
4018,45
4019,134
4020,138
4021,73
4022,178
4023,50
4024,145
4025,87
4026,21
4027,81
4028,103
4029,87
4030,134
4031,74
4032,60
4033,1
4034,194
4035,155
4036,11
4037,123
4038,119
4039,128
4040,106
4041,37
4042,1
4043,105
4044,155
4045,73
4046,144
4047,160
4048,117
4049,20
4050,87
4051,125
4052,83
4053,13
4054,137
4055,70
4056,183
4057,46
4058,147
4059,70
4060,60
4061,175
4062,66
4063,73
4064,22
4065,191
4066,167
4067,68
4068,143
4069,18
4070,22
4071,147
4072,73
4073,75
4074,18
4075,49
4076,164
4077,199
4078,122
4079,13
4080,145
4081,150
4082,42
4083,59
4084,6
4085,140
4086,91
4087,13
4088,88
4089,29
4090,165
4091,5
4092,67
4093,64
4094,132
4095,81
4096,33
4097,48
4098,83
4099,178
4100,43
4101,126
4102,100
4103,60
4104,2
4105,88
4106,81
4107,168
4108,127
4109,37
4110,37
4111,119
4112,166
4113,98
4114,77
4115,135
4116,199
4117,170
4118,171
4119,97
4120,196
4121,42
4122,137
4123,198
4124,137
4125,137
4126,9
4127,197
4128,168
4129,162
4130,116
4131,153
4132,117
4133,162
4134,83
4135,122
4136,86
4137,183
4138,12
4139,144
4140,11
4141,113
4142,32
4143,145
4144,133
4145,95
4146,10
4147,12
4148,121
4149,173
4150,63
4151,88
4152,31
4153,185
4154,160
4155,87
4156,92
4157,4
4158,60
4159,19
4160,106
4161,122
4162,181
4163,39
4164,70
4165,42
4166,168
4167,80
4168,54
4169,132
4170,26
4171,133
4172,63
4173,156
4174,79
4175,20
4176,157
4177,69
4178,27
4179,86
4180,12
4181,165
4182,109
4183,36
4184,164
4185,68
4186,181
4187,178
4188,193
4189,79
4190,149
4191,13
4192,158
4193,129
4194,75
4195,77
4196,65
4197,136
4198,76
4199,65
4200,170
4201,50
4202,77
4203,14
4204,73
4205,163
4206,117
4207,132
4208,129
4209,147
4210,18
4211,3
4212,5
4213,16
4214,91
4215,39
4216,76
4217,136
4218,87
4219,36
4220,89
4221,76
4222,132
4223,59
4224,192
4225,30
4226,128
4227,171
4228,125
4229,37
4230,186
4231,157
4232,189
4233,154
4234,74
4235,162
4236,50
4237,13
4238,134
4239,156
4240,50
4241,148
4242,46
4243,100
4244,115
4245,27
4246,62
4247,118
4248,9
4249,49
4250,85
4251,43
4252,32
4253,199
4254,146
4255,52
4256,130
4257,153
4258,134
4259,120
4260,38
4261,139
4262,164
4263,116
4264,157
4265,9
4266,82
4267,188
4268,192
4269,74
4270,10
4271,182
4272,45
4273,20
4274,70
4275,194
4276,77
4277,60
4278,197
4279,128
4280,74
4281,34
4282,47
4283,176
4284,134
4285,138
4286,153
4287,190
4288,173
4289,199
4290,106
4291,123
4292,84
4293,61
4294,111
4295,134
4296,93
4297,72
4298,149
4299,193
4300,191
4301,192
4302,118
4303,91
4304,128
4305,128
4306,71
4307,49
4308,185
4309,71
4310,165
4311,184
4312,117
4313,191
4314,138
4315,95
4316,69
4317,134
4318,107
4319,88
4320,129
4321,161
4322,173
4323,3
4324,61
4325,38
4326,175
4327,107
4328,198
4329,144
4330,54
4331,159
4332,160
4333,171
4334,69
4335,167
4336,130
4337,58
4338,64
4339,134
4340,5
4341,60
4342,23
4343,142
4344,156
4345,133
4346,141
4347,70
4348,37
4349,61
4350,35
4351,43
4352,59
4353,18
4354,146
4355,127
4356,41
4357,71
4358,91
4359,39
4360,47
4361,193
4362,157
4363,174
4364,83
4365,74
4366,71
4367,187
4368,132
4369,121
4370,182
4371,182
4372,171
4373,186
4374,91
4375,165
4376,65
4377,82
4378,128
4379,1
4380,110
4381,14
4382,75
4383,74
4384,160
4385,154
4386,139
4387,10
4388,95
4389,119
4390,145
4391,61
4392,187
4393,38
4394,35
4395,45
4396,188
4397,109
4398,185
4399,163
4400,182
4401,147
4402,130
4403,26
4404,37
4405,155
4406,183
4407,198
4408,7
4409,85
4410,93
4411,100
4412,91
4413,22
4414,165
4415,42
4416,40
4417,181
4418,153
4419,70
4420,122
4421,121
4422,166
4423,159
4424,173
4425,90
4426,192
4427,17
4428,175
4429,79
4430,60
4431,160
4432,131
4433,147
4434,143
4435,182
4436,168
4437,149
4438,1
4439,125
4440,109
4441,79
4442,198
4443,81
4444,174
4445,43
4446,108
4447,36
4448,151
4449,115
4450,184
4451,60
4452,194
4453,107
4454,27
4455,143
4456,151
4457,61
4458,81
4459,195
4460,155
4461,103
4462,120
4463,167
4464,100
4465,172
4466,26
4467,69
4468,72
4469,133
4470,145
4471,101
4472,36
4473,154
4474,162
4475,6
4476,91
4477,9
4478,145
4479,98
4480,30
4481,149
4482,87
4483,6
4484,81
4485,166
4486,18
4487,146
4488,51
4489,26
4490,29
4491,71
4492,42
4493,86
4494,39
4495,154
4496,44
4497,91
4498,113
4499,161
4500,194
4501,187
4502,183
4503,176
4504,86
4505,124
4506,55
4507,67
4508,56
4509,144
4510,123
4511,155
4512,65
4513,122
4514,0
4515,137
4516,48
4517,99
4518,46
4519,178
4520,30
4521,180
4522,121
4523,90
4524,59
4525,102
4526,171
4527,17
4528,93
4529,158
4530,81
4531,79
4532,53
4533,29
4534,90
4535,95
4536,116
4537,46
4538,118
4539,195
4540,126
4541,91
4542,171
4543,82
4544,14
4545,110
4546,133
4547,115
4548,172
4549,21
4550,108
4551,29
4552,17
4553,82
4554,85
4555,176
4556,115
4557,61
4558,34
4559,166
4560,18
4561,80
4562,44
4563,194
4564,38
4565,167
4566,146
4567,131
4568,158
4569,175
4570,8
4571,126
4572,115
4573,61
4574,62
4575,73
4576,155
4577,79
4578,169
4579,167
4580,179
4581,39
4582,122
4583,67
4584,108
4585,83
4586,85
4587,127
4588,32
4589,41
4590,97
4591,27
4592,114
4593,56
4594,186
4595,14
4596,113
4597,199
4598,183
4599,122
4600,193
4601,155
4602,26
4603,22
4604,10
4605,151
4606,190
4607,74
4608,77
4609,172
4610,144
4611,117
4612,197
4613,184
4614,8
4615,174
4616,189
4617,91
4618,103
4619,15
4620,135
4621,96
4622,184
4623,83
4624,161
4625,182
4626,63
4627,60
4628,168
4629,154
4630,16
4631,42
4632,60
4633,53
4634,55
4635,65
4636,80
4637,111
4638,142
4639,106
4640,78
4641,152
4642,199
4643,90
4644,145
4645,144
4646,15
4647,79
4648,194
4649,126
4650,187
4651,104
4652,23
4653,116
4654,83
4655,116
4656,192
4657,87
4658,51
4659,124
4660,193
4661,83
4662,193
4663,141
4664,30
4665,189
4666,25
4667,70
4668,115
4669,39
4670,182
4671,50
4672,105
4673,42
4674,137
4675,168
4676,71
4677,86
4678,52
4679,135
4680,195
4681,156
4682,194
4683,155
4684,178
4685,140
4686,111
4687,124
4688,184
4689,102
4690,195
4691,49
4692,41
4693,55
4694,130
4695,178
4696,82
4697,15
4698,187
4699,182
4700,166
4701,144
4702,89
4703,41
4704,98
4705,79
4706,31
4707,35
4708,40
4709,190
4710,180
4711,52
4712,51
4713,107
4714,193
4715,166
4716,62
4717,19
4718,174
4719,136
4720,34
4721,54
4722,34
4723,175
4724,71
4725,154
4726,189
4727,154
4728,165
4729,49
4730,65
4731,118
4732,170
4733,17
4734,83
4735,114
4736,35
4737,187
4738,140
4739,186
4740,55
4741,3
4742,152
4743,101
4744,41
4745,103
4746,63
4747,172
4748,107
4749,109
4750,149
4751,81
4752,84
4753,166
4754,12
4755,196
4756,171
4757,114
4758,92
4759,123
4760,71
4761,74
4762,63
4763,105
4764,119
4765,108
4766,71
4767,46
4768,99
4769,39
4770,179
4771,117
4772,17
4773,139
4774,66
4775,169
4776,21
4777,156
4778,100
4779,8
4780,85
4781,165
4782,74
4783,141
4784,117
4785,9
4786,107
4787,47
4788,144
4789,118
4790,27
4791,162
4792,20
4793,44
4794,161
4795,134
4796,157
4797,166
4798,64
4799,160
4800,130
4801,93
4802,114
4803,38
4804,78
4805,27
4806,42
4807,16
4808,107
4809,4
4810,142
4811,16
4812,71
4813,119
4814,24
4815,158
4816,38
4817,130
4818,145
4819,159
4820,79
4821,87
4822,158
4823,105
4824,12
4825,195
4826,105
4827,19
4828,16
4829,163
4830,2
4831,132
4832,79
4833,29
4834,116
4835,164
4836,82
4837,44
4838,153
4839,186
4840,97
4841,56
4842,170
4843,11
4844,126
4845,68
4846,10
4847,14
4848,78
4849,155
4850,117
4851,183
4852,80
4853,60
4854,42
4855,74
4856,166
4857,139
4858,26
4859,119
4860,35
4861,96
4862,34
4863,149
4864,136
4865,64
4866,84
4867,42
4868,149
4869,10
4870,28
4871,101
4872,169
4873,189
4874,148
4875,185
4876,52
4877,184
4878,31
4879,101
4880,94
4881,168
4882,15
4883,164
4884,47
4885,41
4886,163
4887,45
4888,57
4889,4
4890,10
4891,140
4892,56
4893,98
4894,159
4895,130
4896,2
4897,124
4898,136
4899,147
4900,189
4901,79
4902,88
4903,102
4904,19
4905,128
4906,43
4907,31
4908,180
4909,37
4910,152
4911,107
4912,155
4913,33
4914,146
4915,131
4916,100
4917,23
4918,164
4919,93
4920,43
4921,190
4922,17
4923,52
4924,32
4925,37
4926,199
4927,104
4928,21
4929,107
4930,165
4931,144
4932,148
4933,52
4934,169
4935,197
4936,160
4937,121
4938,112
4939,180
4940,38
4941,42
4942,15
4943,149
4944,195
4945,106
4946,195
4947,45
4948,89
4949,99
4950,1
4951,170
4952,40
4953,156
4954,109
4955,120
4956,73
4957,12
4958,157
4959,102
4960,54
4961,177
4962,139
4963,153
4964,174
4965,95
4966,158
4967,17
4968,60
4969,116
4970,176
4971,136
4972,14
4973,157
4974,163
4975,178
4976,176
4977,115
4978,186
4979,91
4980,106
4981,60
4982,54
4983,116
4984,7
4985,88
4986,183
4987,6
4988,60
4989,182
4990,151
4991,134
4992,195
4993,82
4994,58
4995,196
4996,197
4997,59
4998,25
4999,162
5000,57
5001,8
5002,119
5003,41
5004,140
5005,138
5006,167
5007,153
5008,189
5009,168
5010,14
5011,137
5012,154
5013,148
5014,70
5015,185
5016,193
5017,183
5018,62
5019,185
5020,28
5021,178
5022,98
5023,127
5024,169
5025,80
5026,118
5027,113
5028,192
5029,187
5030,48
5031,16
5032,33
5033,1
5034,145
5035,51
5036,65
5037,78
5038,5
5039,142
5040,195
5041,55
5042,126
5043,199
5044,161
5045,68
5046,40
5047,20
5048,16
5049,58
5050,57
5051,47
5052,188
5053,11
5054,179
5055,139
5056,94
5057,96
5058,141
5059,187
5060,17
5061,41
5062,24
5063,72
5064,172
5065,76
5066,86
5067,34
5068,86
5069,183
5070,8
5071,60
5072,115
5073,126
5074,104
5075,38
5076,45
5077,130
5078,52
5079,9
5080,59
5081,80
5082,82
5083,63
5084,97
5085,105
5086,98
5087,47
5088,47
5089,22
5090,199
5091,10
5092,65
5093,115
5094,146
5095,24
5096,55
5097,30
5098,19
5099,14
5100,136
5101,158
5102,138
5103,38
5104,33
5105,16
5106,174
5107,155
5108,45
5109,16
5110,129
5111,70
5112,73
5113,14
5114,141
5115,184
5116,194
5117,5
5118,19
5119,73
5120,83
5121,68
5122,5
5123,149
5124,17
5125,57
5126,171
5127,93
5128,197
5129,47
5130,4
5131,88
5132,90
5133,131
5134,64
5135,101
5136,93
5137,65
5138,164
5139,81
5140,141
5141,168
5142,126
5143,16
5144,11
5145,192
5146,113
5147,92
5148,114
5149,177
5150,21
5151,184
5152,165
5153,97
5154,130
5155,182
5156,97
5157,143
5158,10
5159,103
5160,112
5161,10
5162,96
5163,156
5164,0
5165,64
5166,44
5167,43
5168,114
5169,86
5170,42
5171,54
5172,163
5173,119
5174,98
5175,97
5176,117
5177,90
5178,36
5179,57
5180,119
5181,32
5182,121
5183,16
5184,93
5185,79
5186,152
5187,2
5188,46
5189,130
5190,150
5191,107
5192,41
5193,46
5194,99
5195,125
5196,34
5197,72
5198,16
5199,112
5200,11
5201,183
5202,4
5203,113
5204,47
5205,83
5206,173
5207,156
5208,32
5209,71
5210,103
5211,178
5212,120
5213,152
5214,9
5215,157
5216,67
5217,15
5218,6
5219,73
5220,191
5221,85
5222,50
5223,108
5224,82
5225,45
5226,15
5227,63
5228,54
5229,49
5230,176
5231,101
5232,123
5233,34
5234,125
5235,148
5236,4
5237,167
5238,26
5239,153
5240,157
5241,180
5242,115
5243,148
5244,142
5245,78
5246,154
5247,44
5248,143
5249,58
5250,131
5251,194
5252,150
5253,149
5254,131
5255,53
5256,31
5257,120
5258,129
5259,13
5260,36
5261,15
5262,110
5263,55
5264,112
5265,45
5266,18
5267,166
5268,121
5269,99
5270,57
5271,150
5272,171
5273,138
5274,148
5275,139
5276,27
5277,160
5278,192
5279,76
5280,44
5281,56
5282,57
5283,112
5284,160
5285,124
5286,21
5287,40
5288,191
5289,21
5290,13
5291,116
5292,106
5293,171
5294,107
5295,152
5296,104
5297,68
5298,56
5299,181
5300,52
5301,116
5302,18
5303,101
5304,78
5305,99
5306,126
5307,25
5308,117
5309,63
5310,44
5311,92
5312,131
5313,16
5314,24
5315,127
5316,174
5317,91
5318,64
5319,191
5320,120
5321,180
5322,198
5323,50
5324,175
5325,128
5326,127
5327,148
5328,86
5329,118
5330,60
5331,191
5332,197
5333,135
5334,120
5335,110
5336,83
5337,70
5338,118
5339,191
5340,83
5341,21
5342,5
5343,128
5344,132
5345,132
5346,52
5347,157
5348,162
5349,4
5350,16
5351,182
5352,0
5353,106
5354,8
5355,171
5356,97
5357,134
5358,17
5359,112
5360,57
5361,11
5362,71
5363,34
5364,30
5365,127
5366,188
5367,199
5368,144
5369,144
5370,55
5371,45
5372,20
5373,147
5374,195
5375,163
5376,124
5377,60
5378,9
5379,125
5380,121
5381,163
5382,60
5383,74
5384,168
5385,26
5386,21
5387,13
5388,69
5389,113
5390,164
5391,75
5392,136
5393,6
5394,39
5395,80
5396,196
5397,174
5398,35
5399,131
5400,119
5401,43
5402,55
5403,187
5404,126
5405,134
5406,34
5407,195
5408,25
5409,119
5410,26
5411,26
5412,12
5413,37
5414,151
5415,197
5416,196
5417,76
5418,124
5419,61
5420,146
5421,47
5422,95
5423,78
5424,33
5425,156
5426,10
5427,184
5428,56
5429,21
5430,95
5431,180
5432,128
5433,63
5434,3
5435,154
5436,136
5437,3
5438,111
5439,161
5440,15
5441,179
5442,46
5443,15
5444,56
5445,123
5446,7
5447,63
5448,181
5449,24
5450,174
5451,27
5452,114
5453,104
5454,102
5455,143
5456,61
5457,73
5458,75
5459,46
5460,96
5461,130
5462,134
5463,73
5464,161
5465,47
5466,150
5467,101
5468,85
5469,189
5470,142
5471,170
5472,37
5473,55
5474,69
5475,167
5476,121
5477,11
5478,166
5479,78
5480,128
5481,193
5482,106
5483,197
5484,126
5485,65
5486,178
5487,151
5488,151
5489,188
5490,27
5491,169
5492,83
5493,26
5494,192
5495,130
5496,181
5497,170
5498,92
5499,72
5500,48
5501,140
5502,169
5503,39
5504,59
5505,160
5506,99
5507,15
5508,9
5509,162
5510,90
5511,102
5512,47
5513,19
5514,64
5515,166
5516,122
5517,57
5518,100
5519,64
5520,69
5521,82
5522,170
5523,130
5524,37
5525,144
5526,173
5527,161
5528,10
5529,171
5530,5
5531,167
5532,58
5533,75
5534,43
5535,173
5536,96
5537,110
5538,185
5539,46
5540,114
5541,192
5542,187
5543,175
5544,96
5545,187
5546,48
5547,100
5548,58
5549,59
5550,4
5551,17
5552,125
5553,58
5554,54
5555,64
5556,84
5557,79
5558,183
5559,95
5560,84
5561,7
5562,63
5563,55
5564,95
5565,87
5566,192
5567,2
5568,110
5569,148
5570,72
5571,10
5572,21
5573,76
5574,46
5575,92
5576,127
5577,73
5578,188
5579,135
5580,21
5581,88
5582,111
5583,61
5584,194
5585,169
5586,136
5587,145
5588,136
5589,87
5590,51
5591,98
5592,10
5593,15
5594,161
5595,196
5596,168
5597,96
5598,197
5599,27
5600,141
5601,135
5602,174
5603,43
5604,99
5605,111
5606,18
5607,158
5608,156
5609,197
5610,179
5611,103
5612,98
5613,126
5614,126
5615,44
5616,92
5617,135
5618,181
5619,12
5620,165
5621,4
5622,65
5623,104
5624,80
5625,125
5626,141
5627,25
5628,69
5629,146
5630,174
5631,180
5632,190
5633,9
5634,144
5635,146
5636,104
5637,165
5638,154
5639,66
5640,22
5641,104
5642,58
5643,114
5644,112
5645,77
5646,15
5647,70
5648,175
5649,188
5650,120
5651,135
5652,192
5653,194
5654,57
5655,69
5656,107
5657,144
5658,195
5659,164
5660,20
5661,82
5662,4
5663,39
5664,182
5665,101
5666,167
5667,150
5668,56
5669,182
5670,64
5671,88
5672,97
5673,4
5674,118
5675,51
5676,0
5677,187
5678,61
5679,172
5680,124
5681,9
5682,42
5683,25
5684,151
5685,161
5686,14
5687,117
5688,0
5689,3
5690,89
5691,59
5692,115
5693,132
5694,100
5695,70
5696,142
5697,125
5698,59
5699,112
5700,108
5701,88
5702,183
5703,135
5704,11
5705,168
5706,199
5707,37
5708,188
5709,24
5710,32
5711,69
5712,121
5713,65
5714,80
5715,59
5716,196
5717,36
5718,35
5719,86
5720,195
5721,94
5722,196
5723,31
5724,24
5725,35
5726,152
5727,44
5728,6
5729,31
5730,87
5731,113
5732,11
5733,143
5734,118
5735,9
5736,175
5737,121
5738,46
5739,160
5740,40
5741,113
5742,75
5743,183
5744,156
5745,94
5746,135
5747,111
5748,12
5749,188
5750,123
5751,122
5752,166
5753,189
5754,52
5755,12
5756,174
5757,105
5758,177
5759,101
5760,97
5761,0
5762,128
5763,71
5764,175
5765,127
5766,157
5767,29
5768,186
5769,47
5770,81
5771,150
5772,65
5773,41
5774,142
5775,94
5776,113
5777,180
5778,102
5779,30
5780,48
5781,74
5782,141
5783,172
5784,1
5785,39
5786,7
5787,18
5788,23
5789,27
5790,164
5791,114
5792,65
5793,29
5794,89
5795,168
5796,23
5797,9
5798,35
5799,167
5800,92
5801,194
5802,86
5803,85
5804,182
5805,181
5806,39
5807,122
5808,73
5809,83
5810,158
5811,7
5812,121
5813,40
5814,66
5815,45
5816,116
5817,114
5818,152
5819,142
5820,98
5821,141
5822,86
5823,16
5824,14
5825,186
5826,8
5827,116
5828,34
5829,112
5830,169
5831,184
5832,107
5833,45
5834,122
5835,106
5836,178
5837,122
5838,179
5839,110
5840,63
5841,135
5842,186
5843,75
5844,55
5845,15
5846,19
5847,80
5848,114
5849,127
5850,145
5851,151
5852,117
5853,114
5854,170
5855,196
5856,109
5857,115
5858,112
5859,103
5860,123
5861,193
5862,17
5863,109
5864,175
5865,20
5866,18
5867,197
5868,6
5869,16
5870,134
5871,170
5872,49
5873,23
5874,92
5875,154
5876,158
5877,179
5878,184
5879,180
5880,46
5881,81
5882,149
5883,157
5884,97
5885,99
5886,193
5887,48
5888,103
5889,15
5890,11
5891,36
5892,100
5893,61
5894,29
5895,5
5896,85
5897,90
5898,85
5899,7
5900,18
5901,193
5902,76
5903,78
5904,174
5905,30
5906,186
5907,90
5908,41
5909,123
5910,112
5911,69
5912,103
5913,145
5914,41
5915,7
5916,116
5917,178
5918,57
5919,56
5920,5
5921,83
5922,143
5923,40
5924,80
5925,142
5926,88
5927,105
5928,150
5929,175
5930,23
5931,114
5932,176
5933,77
5934,76
5935,0
5936,57
5937,174
5938,172
5939,72
5940,90
5941,69
5942,44
5943,147
5944,78
5945,90
5946,51
5947,118
5948,166
5949,190
5950,102
5951,118
5952,155
5953,49
5954,142
5955,12
5956,36
5957,157
5958,132
5959,6
5960,110
5961,171
5962,66
5963,96
5964,122
5965,1
5966,139
5967,65
5968,99
5969,191
5970,24
5971,2
5972,46
5973,199
5974,77
5975,132
5976,96
5977,185
5978,12
5979,129
5980,175
5981,94
5982,148
5983,5
5984,6
5985,85
5986,94
5987,35
5988,111
5989,21
5990,56
5991,111
5992,43
5993,47
5994,139
5995,164
5996,89
5997,125
5998,55
5999,0
6000,50
6001,95
6002,45
6003,95
6004,151
6005,167
6006,192
6007,27
6008,159
6009,41
6010,126
6011,27
6012,78
6013,53
6014,35
6015,78
6016,186
6017,166
6018,54
6019,167
6020,129
6021,94
6022,133
6023,82
6024,186
6025,94
6026,192
6027,102
6028,137
6029,76
6030,61
6031,136
6032,69
6033,170
6034,108
6035,36
6036,32
6037,174
6038,173
6039,84
6040,104
6041,21
6042,189
6043,92
6044,92
6045,121
6046,179
6047,60
6048,32
6049,185
6050,57
6051,61
6052,44
6053,108
6054,24
6055,138
6056,180
6057,166
6058,164
6059,11
6060,94
6061,169
6062,170
6063,28
6064,156
6065,188
6066,97
6067,120
6068,94
6069,10
6070,158
6071,40
6072,125
6073,83
6074,20
6075,152
6076,68
6077,164
6078,152
6079,44
6080,72
6081,13
6082,43
6083,9
6084,54
6085,93
6086,17
6087,143
6088,79
6089,121
6090,81
6091,29
6092,110
6093,159
6094,111
6095,75
6096,28
6097,0
6098,140
6099,145
6100,45
6101,185
6102,127
6103,168
6104,144
6105,110
6106,81
6107,90
6108,179
6109,58
6110,110
6111,141
6112,41
6113,133
6114,151
6115,123
6116,11
6117,90
6118,127
6119,127
6120,116
6121,124
6122,12
6123,33
6124,26
6125,12
6126,194
6127,37
6128,30
6129,123
6130,139
6131,48
6132,184
6133,125
6134,193
6135,20
6136,28
6137,40
6138,128
6139,41
6140,158
6141,146
6142,24
6143,128
6144,183
6145,32
6146,132
6147,154
6148,160
6149,104
6150,136
6151,73
6152,18
6153,71
6154,63
6155,11
6156,110
6157,98
6158,75
6159,147
6160,66
6161,54
6162,34
6163,185
6164,82
6165,13
6166,129
6167,154
6168,3
6169,76
6170,0
6171,42
6172,153
6173,82
6174,56
6175,182
6176,194
6177,40
6178,145
6179,110
6180,26
6181,70
6182,137
6183,122
6184,157
6185,28
6186,102
6187,105
6188,41
6189,155
6190,57
6191,55
6192,118
6193,7
6194,23
6195,104
6196,127
6197,155
6198,56
6199,81
6200,79
6201,169
6202,90
6203,68
6204,179
6205,31
6206,53
6207,197
6208,71
6209,118
6210,184
6211,31
6212,56
6213,149
6214,158
6215,148
6216,177
6217,166
6218,14
6219,62
6220,80
6221,63
6222,41
6223,156
6224,22
6225,163
6226,42
6227,68
6228,34
6229,141
6230,3
6231,65
6232,89
6233,53
6234,24
6235,79
6236,163
6237,2
6238,196
6239,95
6240,10
6241,8
6242,72
6243,138
6244,165
6245,100
6246,116
6247,58
6248,140
6249,150
6250,67
6251,141
6252,41
6253,31
6254,115
6255,177
6256,131
6257,71
6258,130
6259,146
6260,30
6261,116
6262,183
6263,96
6264,35
6265,159
6266,6
6267,120
6268,40
6269,124
6270,131
6271,31
6272,116
6273,175
6274,126
6275,2
6276,81
6277,196
6278,3
6279,72
6280,182
6281,189
6282,58
6283,0
6284,74
6285,183
6286,49
6287,188
6288,54
6289,18
6290,118
6291,176
6292,174
6293,26
6294,96
6295,195
6296,172
6297,46
6298,66
6299,75
6300,0
6301,55
6302,63
6303,46
6304,22
6305,126
6306,131
6307,110
6308,171
6309,61
6310,173
6311,117
6312,44
6313,120
6314,107
6315,151
6316,168
6317,83
6318,76
6319,131
6320,113
6321,158
6322,52
6323,196
6324,139
6325,155
6326,77
6327,45
6328,162
6329,71
6330,142
6331,138
6332,110
6333,56
6334,7
6335,79
6336,191
6337,120
6338,11
6339,45
6340,143
6341,63
6342,186
6343,84
6344,198
6345,1
6346,177
6347,53
6348,162
6349,140
6350,144
6351,21
6352,78
6353,9
6354,167
6355,164
6356,93
6357,47
6358,85
6359,24
6360,129
6361,138
6362,114
6363,53
6364,10
6365,188
6366,128
6367,192
6368,18
6369,44
6370,99
6371,148
6372,47
6373,73
6374,96
6375,141
6376,13
6377,70
6378,181
6379,59
6380,91
6381,44
6382,170
6383,150
6384,19
6385,1
6386,122
6387,129
6388,16
6389,61
6390,179
6391,85
6392,77
6393,184
6394,25
6395,59
6396,80
6397,168
6398,87
6399,114
6400,149
6401,59
6402,23
6403,194
6404,41
6405,181
6406,101
6407,121
6408,89
6409,176
6410,101
6411,117
6412,167
6413,25
6414,74
6415,185
6416,107
6417,141
6418,97
6419,109
6420,24
6421,192
6422,50
6423,68
6424,168
6425,65
6426,73
6427,146
6428,94
6429,59
6430,175
6431,26
6432,4
6433,12
6434,94
6435,194
6436,22
6437,192
6438,190
6439,7
6440,40
6441,136
6442,196
6443,151
6444,18
6445,71
6446,156
6447,137
6448,196
6449,133
6450,19
6451,73
6452,70
6453,170
6454,197
6455,184
6456,58
6457,77
6458,109
6459,127
6460,172
6461,53
6462,103
6463,80
6464,17
6465,179
6466,92
6467,167
6468,130
6469,36
6470,105
6471,148
6472,76
6473,136
6474,53
6475,120
6476,86
6477,174
6478,92
6479,99
6480,144
6481,188
6482,140
6483,5
6484,65
6485,126
6486,139
6487,3
6488,135
6489,190
6490,25
6491,36
6492,35
6493,180
6494,129
6495,161
6496,82
6497,104
6498,94
6499,48
6500,163
6501,36
6502,77
6503,110
6504,52
6505,182
6506,132
6507,120
6508,73
6509,92
6510,108
6511,0
6512,149
6513,178
6514,142
6515,19
6516,174
6517,161
6518,6
6519,163
6520,87
6521,161
6522,39
6523,66
6524,10
6525,179
6526,12
6527,39
6528,31
6529,184
6530,106
6531,110
6532,186
6533,188
6534,149
6535,35
6536,133
6537,94
6538,86
6539,180
6540,162
6541,29
6542,161
6543,168
6544,8
6545,111
6546,85
6547,145
6548,98
6549,139
6550,172
6551,59
6552,181
6553,130
6554,28
6555,52
6556,163
6557,170
6558,177
6559,124
6560,79
6561,128
6562,162
6563,156
6564,187
6565,24
6566,167
6567,36
6568,139
6569,37
6570,175
6571,110
6572,89
6573,70
6574,186
6575,147
6576,97
6577,158
6578,169
6579,25
6580,133
6581,193
6582,81
6583,39
6584,6
6585,102
6586,178
6587,133
6588,3
6589,151
6590,11
6591,139
6592,99
6593,33
6594,170
6595,131
6596,195
6597,189
6598,169
6599,81
6600,81
6601,113
6602,156
6603,118
6604,173
6605,154
6606,69
6607,22
6608,194
6609,131
6610,55
6611,35
6612,147
6613,92
6614,147
6615,140
6616,140
6617,54
6618,81
6619,109
6620,120
6621,47
6622,83
6623,84
6624,39
6625,198
6626,119
6627,116
6628,177
6629,17
6630,23
6631,92
6632,34
6633,96
6634,83
6635,55
6636,50
6637,157
6638,48
6639,51
6640,70
6641,31
6642,136
6643,126
6644,131
6645,115
6646,80
6647,158
6648,178
6649,4
6650,159
6651,129
6652,125
6653,128
6654,170
6655,107
6656,179
6657,147
6658,1
6659,155
6660,106
6661,136
6662,151
6663,175
6664,187
6665,75
6666,146
6667,81
6668,68
6669,70
6670,163
6671,121
6672,133
6673,188
6674,182
6675,152
6676,10
6677,110
6678,19
6679,83
6680,185
6681,88
6682,38
6683,48
6684,46
6685,88
6686,144
6687,128
6688,130
6689,117
6690,141
6691,121
6692,93
6693,13
6694,128
6695,4
6696,1
6697,186
6698,147
6699,53
6700,29
6701,140
6702,67
6703,89
6704,133
6705,42
6706,13
6707,4
6708,61
6709,57
6710,79
6711,132
6712,35
6713,182
6714,166
6715,26
6716,190
6717,182
6718,22
6719,85
6720,21
6721,109
6722,48
6723,196
6724,118
6725,60
6726,140
6727,107
6728,128
6729,54
6730,95
6731,56
6732,95
6733,52
6734,85
6735,0
6736,190
6737,107
6738,163
6739,17
6740,182
6741,148
6742,43
6743,88
6744,118
6745,112
6746,171
6747,18
6748,19
6749,63
6750,34
6751,93
6752,80
6753,149
6754,162
6755,167
6756,106
6757,13
6758,9
6759,118
6760,31
6761,193
6762,94
6763,62
6764,82
6765,150
6766,106
6767,77
6768,140
6769,126
6770,46
6771,167
6772,171
6773,186
6774,195
6775,75
6776,186
6777,73
6778,105
6779,198
6780,41
6781,48
6782,146
6783,46
6784,64
6785,139
6786,135
6787,190
6788,128
6789,185
6790,112
6791,22
6792,170
6793,89
6794,179
6795,49
6796,30
6797,183
6798,124
6799,72
6800,106
6801,1
6802,70
6803,175
6804,121
6805,10
6806,191
6807,73
6808,62
6809,54
6810,50
6811,22
6812,88
6813,112
6814,143
6815,16
6816,23
6817,122
6818,104
6819,40
6820,15
6821,117
6822,172
6823,25
6824,143
6825,101
6826,17
6827,116
6828,178
6829,54
6830,40
6831,30
6832,174
6833,7
6834,86
6835,192
6836,32
6837,157
6838,7
6839,14
6840,4
6841,157
6842,11
6843,18
6844,39
6845,112
6846,156
6847,134
6848,129
6849,117
6850,135
6851,9
6852,96
6853,136
6854,99
6855,182
6856,121
6857,62
6858,192
6859,197
6860,101
6861,87
6862,192
6863,65
6864,186
6865,74
6866,110
6867,2
6868,14
6869,169
6870,30
6871,176
6872,195
6873,15
6874,32
6875,16
6876,115
6877,159
6878,121
6879,132
6880,9
6881,85
6882,169
6883,87
6884,74
6885,90
6886,33
6887,186
6888,64
6889,68
6890,20
6891,1
6892,170
6893,199
6894,186
6895,95
6896,32
6897,172
6898,50
6899,71
6900,5
6901,197
6902,111
6903,100
6904,46
6905,184
6906,125
6907,73
6908,183
6909,157
6910,139
6911,33
6912,20
6913,12
6914,125
6915,76
6916,49
6917,94
6918,155
6919,32
6920,49
6921,31
6922,163
6923,80
6924,100
6925,190
6926,30
6927,99
6928,127
6929,90
6930,116
6931,156
6932,58
6933,30
6934,105
6935,199
6936,190
6937,27
6938,81
6939,135
6940,10
6941,180
6942,175
6943,99
6944,58
6945,68
6946,80
6947,146
6948,115
6949,83
6950,23
6951,66
6952,185
6953,193
6954,57
6955,149
6956,46
6957,152
6958,93
6959,149
6960,29
6961,63
6962,178
6963,81
6964,36
6965,115
6966,125
6967,31
6968,183
6969,46
6970,159
6971,38
6972,130
6973,156
6974,59
6975,89
6976,120
6977,156
6978,191
6979,81
6980,105
6981,184
6982,86
6983,57
6984,147
6985,191
6986,25
6987,85
6988,66
6989,90
6990,41
6991,66
6992,99
6993,11
6994,96
6995,42
6996,25
6997,75
6998,41
6999,33
7000,117
7001,143
7002,136
7003,77
7004,91
7005,61
7006,8
7007,27
7008,167
7009,183
7010,61
7011,1
7012,84
7013,187
7014,44
7015,65
7016,97
7017,0
7018,61
7019,12
7020,112
7021,5
7022,41
7023,4
7024,134
7025,0
7026,26
7027,137
7028,98
7029,140
7030,117
7031,45
7032,44
7033,181
7034,195
7035,71
7036,85
7037,109
7038,107
7039,156
7040,165
7041,22
7042,132
7043,26
7044,59
7045,37
7046,193
7047,157
7048,44
7049,39
7050,89
7051,22
7052,32
7053,102
7054,140
7055,96
7056,169
7057,89
7058,116
7059,145
7060,54
7061,177
7062,113
7063,170
7064,164
7065,164
7066,52
7067,108
7068,38
7069,48
7070,83
7071,17
7072,24
7073,29
7074,153
7075,86
7076,194
7077,72
7078,39
7079,5
7080,3
7081,23
7082,95
7083,107
7084,195
7085,62
7086,143
7087,105
7088,164
7089,53
7090,178
7091,21
7092,174
7093,94
7094,196
7095,145
7096,53
7097,188
7098,56
7099,4
7100,178
7101,38
7102,91
7103,29
7104,3
7105,114
7106,107
7107,69
7108,16
7109,56
7110,54
7111,0
7112,151
7113,91
7114,141
7115,154
7116,194
7117,90
7118,68
7119,4
7120,176
7121,77
7122,98
7123,16
7124,28
7125,118
7126,142
7127,92
7128,120
7129,145
7130,150
7131,145
7132,84
7133,132
7134,96
7135,176
7136,170
7137,0
7138,169
7139,87
7140,22
7141,54
7142,50
7143,179
7144,78
7145,105
7146,121
7147,129
7148,128
7149,197
7150,178
7151,93
7152,101
7153,157
7154,29
7155,190
7156,55
7157,35
7158,179
7159,101
7160,19
7161,85
7162,152
7163,137
7164,30
7165,67
7166,29
7167,159
7168,154
7169,44
7170,24
7171,105
7172,109
7173,120
7174,126
7175,0
7176,40
7177,87
7178,9
7179,46
7180,0
7181,174
7182,74
7183,113
7184,49
7185,4
7186,71
7187,194
7188,130
7189,82
7190,119
7191,138
7192,50
7193,29
7194,189
7195,76
7196,53
7197,135
7198,95
7199,164
7200,88
7201,79
7202,89
7203,65
7204,149
7205,109
7206,72
7207,69
7208,97
7209,23
7210,130
7211,170
7212,43
7213,28
7214,44
7215,136
7216,157
7217,58
7218,97
7219,64
7220,124
7221,72
7222,78
7223,105
7224,21
7225,160
7226,132
7227,56
7228,65
7229,102
7230,84
7231,93
7232,197
7233,20
7234,140
7235,46
7236,53
7237,32
7238,36
7239,196
7240,187
7241,32
7242,71
7243,16
7244,4
7245,90
7246,195
7247,194
7248,31
7249,99
7250,1
7251,119
7252,132
7253,53
7254,21
7255,79
7256,169
7257,126
7258,193
7259,15
7260,16
7261,15
7262,184
7263,15
7264,23
7265,145
7266,102
7267,48
7268,177
7269,88
7270,61
7271,100
7272,129
7273,198
7274,69
7275,64
7276,147
7277,74
7278,184
7279,142
7280,177
7281,134
7282,162
7283,188
7284,165
7285,4
7286,67
7287,176
7288,82
7289,43
7290,121
7291,31
7292,181
7293,104
7294,55
7295,184
7296,181
7297,101
7298,17
7299,126
7300,5
7301,121
7302,84
7303,91
7304,6
7305,159
7306,50
7307,4
7308,138
7309,71
7310,84
7311,35
7312,164
7313,10
7314,135
7315,132
7316,137
7317,130
7318,198
7319,132
7320,11
7321,138
7322,168
7323,89
7324,101
7325,85
7326,118
7327,122
7328,155
7329,110
7330,80
7331,37
7332,109
7333,94
7334,193
7335,173
7336,154
7337,107
7338,61
7339,22
7340,47
7341,106
7342,151
7343,0
7344,96
7345,97
7346,28
7347,169
7348,167
7349,30
7350,76
7351,55
7352,172
7353,146
7354,129
7355,62
7356,83
7357,150
7358,169
7359,33
7360,185
7361,46
7362,74
7363,150
7364,30
7365,75
7366,143
7367,108
7368,43
7369,137
7370,106
7371,153
7372,174
7373,11
7374,37
7375,127
7376,19
7377,40
7378,108
7379,136
7380,127
7381,128
7382,137
7383,141
7384,52
7385,41
7386,3
7387,197
7388,163
7389,117
7390,93
7391,60
7392,36
7393,130
7394,149
7395,65
7396,51
7397,10
7398,40
7399,140
7400,195
7401,21
7402,191
7403,64
7404,82
7405,165
7406,108
7407,23
7408,178
7409,119
7410,54
7411,196
7412,45
7413,38
7414,1
7415,70
7416,187
7417,148
7418,142
7419,135
7420,180
7421,124
7422,52
7423,136
7424,82
7425,62
7426,76
7427,28
7428,98
7429,199
7430,164
7431,42
7432,150
7433,99
7434,155
7435,101
7436,21
7437,169
7438,161
7439,154
7440,41
7441,56
7442,180
7443,11
7444,130
7445,21
7446,68
7447,117
7448,173
7449,160
7450,20
7451,187
7452,35
7453,173
7454,99
7455,110
7456,192
7457,177
7458,14
7459,58
7460,97
7461,140
7462,102
7463,161
7464,20
7465,154
7466,112
7467,196
7468,42
7469,166
7470,87
7471,6
7472,165
7473,134
7474,123
7475,162
7476,162
7477,109
7478,137
7479,176
7480,11
7481,12
7482,77
7483,20
7484,51
7485,170
7486,113
7487,43
7488,178
7489,177
7490,29
7491,73
7492,111
7493,61
7494,7
7495,75
7496,95
7497,142
7498,82
7499,108
7500,41
7501,3
7502,19
7503,9
7504,84
7505,78
7506,198
7507,70
7508,161
7509,37
7510,119
7511,197
7512,66
7513,189
7514,179
7515,113
7516,167
7517,11
7518,47
7519,98
7520,96
7521,124
7522,96
7523,102
7524,56
7525,25
7526,101
7527,160
7528,83
7529,145
7530,3
7531,13
7532,135
7533,25
7534,56
7535,155
7536,62
7537,158
7538,1
7539,132
7540,48
7541,133
7542,84
7543,96
7544,46
7545,80
7546,143
7547,61
7548,112
7549,101
7550,13
7551,93
7552,188
7553,108
7554,146
7555,15
7556,68
7557,107
7558,46
7559,84
7560,77
7561,68
7562,131
7563,81
7564,142
7565,139
7566,128
7567,77
7568,147
7569,199
7570,90
7571,55
7572,60
7573,193
7574,92
7575,12
7576,174
7577,152
7578,189
7579,177
7580,75
7581,61
7582,67
7583,191
7584,96
7585,142
7586,99
7587,27
7588,132
7589,133
7590,181
7591,12
7592,62
7593,181
7594,89
7595,51
7596,6
7597,7
7598,105
7599,43
7600,121
7601,188
7602,151
7603,25
7604,153
7605,120
7606,71
7607,157
7608,49
7609,160
7610,5
7611,128
7612,142
7613,149
7614,149
7615,189
7616,69
7617,99
7618,19
7619,51
7620,189
7621,75
7622,155
7623,58
7624,174
7625,118
7626,112
7627,153
7628,68
7629,137
7630,42
7631,77
7632,105
7633,122
7634,83
7635,64
7636,105
7637,174
7638,158
7639,107
7640,97
7641,27
7642,8
7643,66
7644,69
7645,112
7646,104
7647,177
7648,152
7649,14
7650,43
7651,165
7652,111
7653,151
7654,128
7655,59
7656,56
7657,91
7658,151
7659,42
7660,68
7661,59
7662,74
7663,134
7664,146
7665,196
7666,16
7667,79
7668,154
7669,128
7670,23
7671,19
7672,16
7673,51
7674,9
7675,63
7676,48
7677,180
7678,8
7679,5
7680,102
7681,111
7682,19
7683,68
7684,148
7685,195
7686,144
7687,68
7688,26
7689,35
7690,77
7691,166
7692,111
7693,54
7694,177
7695,180
7696,92
7697,39
7698,139
7699,108
7700,133
7701,21
7702,191
7703,98
7704,141
7705,12
7706,133
7707,145
7708,36
7709,5
7710,63
7711,53
7712,0
7713,161
7714,180
7715,129
7716,29
7717,81
7718,42
7719,190
7720,123
7721,169
7722,135
7723,48
7724,118
7725,37
7726,79
7727,105
7728,50
7729,146
7730,117
7731,190
7732,104
7733,26
7734,22
7735,1
7736,184
7737,72
7738,142
7739,23
7740,87
7741,131
7742,85
7743,137
7744,56
7745,88
7746,122
7747,117
7748,82
7749,72
7750,77
7751,58
7752,48
7753,34
7754,111
7755,182
7756,134
7757,139
7758,28
7759,140
7760,120
7761,178
7762,54
7763,93
7764,36
7765,77
7766,101
7767,62
7768,78
7769,105
7770,172
7771,104
7772,6
7773,185
7774,4
7775,163
7776,42
7777,22
7778,52
7779,50
7780,179
7781,194
7782,94
7783,124
7784,182
7785,36
7786,115
7787,176
7788,129
7789,2
7790,1
7791,185
7792,112
7793,22
7794,100
7795,113
7796,141
7797,37
7798,168
7799,166
7800,151
7801,166
7802,70
7803,100
7804,39
7805,42
7806,71
7807,183
7808,92
7809,127
7810,32
7811,194
7812,135
7813,62
7814,121
7815,51
7816,114
7817,152
7818,41
7819,12
7820,111
7821,53
7822,177
7823,98
7824,134
7825,100
7826,110
7827,59
7828,101
7829,137
7830,119
7831,24
7832,149
7833,197
7834,6
7835,66
7836,32
7837,63
7838,194
7839,113
7840,67
7841,179
7842,29
7843,176
7844,69
7845,103
7846,44
7847,190
7848,2
7849,73
7850,9
7851,96
7852,66
7853,165
7854,198
7855,147
7856,56
7857,72
7858,122
7859,10
7860,12
7861,172
7862,4
7863,122
7864,7
7865,28
7866,10
7867,92
7868,79
7869,8
7870,80
7871,90
7872,185
7873,141
7874,127
7875,102
7876,49
7877,47
7878,125
7879,197
7880,78
7881,171
7882,42
7883,50
7884,32
7885,147
7886,177
7887,169
7888,73
7889,116
7890,103
7891,23
7892,166
7893,147
7894,154
7895,26
7896,130
7897,194
7898,4
7899,7
7900,26
7901,28
7902,69
7903,198
7904,170
7905,42
7906,192
7907,198
7908,96
7909,171
7910,3
7911,63
7912,49
7913,94
7914,169
7915,40
7916,31
7917,65
7918,67
7919,131
7920,143
7921,171
7922,193
7923,33
7924,5
7925,166
7926,59
7927,102
7928,73
7929,155
7930,189
7931,84
7932,178
7933,162
7934,197
7935,33
7936,193
7937,176
7938,149
7939,131
7940,88
7941,158
7942,104
7943,91
7944,89
7945,57
7946,35
7947,95
7948,140
7949,101
7950,66
7951,103
7952,174
7953,198
7954,48
7955,103
7956,188
7957,80
7958,97
7959,117
7960,116
7961,194
7962,82
7963,135
7964,163
7965,75
7966,134
7967,132
7968,47
7969,120
7970,68
7971,11
7972,94
7973,193
7974,142
7975,159
7976,55
7977,25
7978,114
7979,105
7980,100
7981,127
7982,190
7983,95
7984,28
7985,21
7986,88
7987,163
7988,158
7989,164
7990,148
7991,151
7992,7
7993,151
7994,7
7995,170
7996,112
7997,161
7998,146
7999,57
8000,12
8001,116
8002,76
8003,151
8004,160
8005,78
8006,121
8007,24
8008,32
8009,1
8010,185
8011,161
8012,160
8013,148
8014,6
8015,42
8016,7
8017,24
8018,119
8019,3
8020,10
8021,29
8022,25
8023,176
8024,78
8025,196
8026,115
8027,165
8028,108
8029,27
8030,37
8031,35
8032,72
8033,20
8034,44
8035,71
8036,115
8037,68
8038,196
8039,106
8040,57
8041,187
8042,76
8043,37
8044,3
8045,52
8046,177
8047,23
8048,167
8049,128
8050,127
8051,195
8052,71
8053,121
8054,20
8055,191
8056,75
8057,177
8058,126
8059,54
8060,171
8061,118
8062,169
8063,45
8064,113
8065,99
8066,56
8067,42
8068,127
8069,181
8070,19
8071,115
8072,99
8073,40
8074,25
8075,154
8076,186
8077,66
8078,75
8079,27
8080,65
8081,123
8082,49
8083,82
8084,12
8085,122
8086,174
8087,71
8088,69
8089,18
8090,104
8091,189
8092,175
8093,19
8094,155
8095,153
8096,109
8097,20
8098,182
8099,10
8100,170
8101,93
8102,125
8103,77
8104,101
8105,128
8106,49
8107,84
8108,175
8109,45
8110,41
8111,103
8112,183
8113,37
8114,192
8115,155
8116,32
8117,186
8118,51
8119,15
8120,37
8121,163
8122,157
8123,84
8124,197
8125,162
8126,173
8127,168
8128,27
8129,77
8130,13
8131,139
8132,114
8133,95
8134,66
8135,65
8136,159
8137,28
8138,126
8139,154
8140,111
8141,83
8142,1
8143,182
8144,68
8145,179
8146,2
8147,11
8148,40
8149,47
8150,86
8151,147
8152,28
8153,102
8154,96
8155,134
8156,187
8157,117
8158,34
8159,124
8160,81
8161,7
8162,121
8163,28
8164,167
8165,146
8166,41
8167,0
8168,117
8169,49
8170,118
8171,112
8172,152
8173,153
8174,8
8175,106
8176,76
8177,97
8178,124
8179,30
8180,28
8181,89
8182,45
8183,171
8184,190
8185,164
8186,143
8187,5
8188,137
8189,142
8190,71
8191,177
8192,16
8193,27
8194,92
8195,6
8196,119
8197,33
8198,135
8199,69
8200,167
8201,108
8202,32
8203,61
8204,183
8205,149
8206,83
8207,22
8208,75
8209,31
8210,147
8211,62
8212,50
8213,27
8214,101
8215,160
8216,65
8217,43
8218,165
8219,32
8220,153
8221,61
8222,10
8223,86
8224,27
8225,196
8226,178
8227,82
8228,84
8229,197
8230,101
8231,180
8232,173
8233,28
8234,174
8235,43
8236,75
8237,82
8238,178
8239,97
8240,159
8241,85
8242,53
8243,84
8244,185
8245,43
8246,143
8247,14
8248,166
8249,161
8250,123
8251,82
8252,72
8253,160
8254,157
8255,84
8256,2
8257,52
8258,32
8259,59
8260,59
8261,55
8262,6
8263,128
8264,91
8265,123
8266,12
8267,74
8268,29
8269,20
8270,172
8271,106
8272,47
8273,2
8274,196
8275,52
8276,75
8277,138
8278,114
8279,108
8280,4
8281,51
8282,109
8283,61
8284,151
8285,4
8286,126
8287,9
8288,156
8289,127
8290,120
8291,6
8292,91
8293,15
8294,63
8295,120
8296,67
8297,115
8298,55
8299,46
8300,188
8301,102
8302,108
8303,117
8304,96
8305,47
8306,186
8307,181
8308,171
8309,19
8310,12
8311,33
8312,113
8313,89
8314,135
8315,188
8316,153
8317,186
8318,67
8319,3
8320,135
8321,148
8322,0
8323,136
8324,34
8325,93
8326,116
8327,108
8328,138
8329,8
8330,157
8331,52
8332,30
8333,44
8334,62
8335,157
8336,140
8337,149
8338,140
8339,53
8340,139
8341,96
8342,113
8343,143
8344,169
8345,187
8346,199
8347,56
8348,192
8349,134
8350,89
8351,38
8352,138
8353,63
8354,148
8355,183
8356,182
8357,118
8358,50
8359,130
8360,75
8361,109
8362,178
8363,65
8364,92
8365,0
8366,42
8367,154
8368,25
8369,150
8370,63
8371,198
8372,193
8373,83
8374,125
8375,126
8376,84
8377,158
8378,46
8379,90
8380,32
8381,150
8382,96
8383,63
8384,124
8385,62
8386,42
8387,180
8388,110
8389,45
8390,16
8391,69
8392,76
8393,143
8394,35
8395,94
8396,169
8397,40
8398,169
8399,159
8400,113
8401,58
8402,6
8403,101
8404,2
8405,88
8406,149
8407,13
8408,35
8409,40
8410,190
8411,185
8412,29
8413,189
8414,159
8415,193
8416,100
8417,155
8418,127
8419,13
8420,98
8421,153
8422,157
8423,28
8424,170
8425,136
8426,31
8427,15
8428,63
8429,32
8430,46
8431,50
8432,53
8433,50
8434,173
8435,53
8436,185
8437,34
8438,45
8439,190
8440,43
8441,31
8442,25
8443,124
8444,99
8445,27
8446,61
8447,96
8448,128
8449,7
8450,70
8451,167
8452,150
8453,145
8454,166
8455,111
8456,119
8457,26
8458,90
8459,184
8460,14
8461,22
8462,172
8463,33
8464,113
8465,16
8466,70
8467,113
8468,27
8469,148
8470,116
8471,91
8472,139
8473,162
8474,141
8475,38
8476,184
8477,65
8478,129
8479,171
8480,92
8481,192
8482,103
8483,176
8484,49
8485,173
8486,156
8487,136
8488,48
8489,196
8490,171
8491,180
8492,138
8493,39
8494,172
8495,85
8496,109
8497,167
8498,2
8499,177
8500,129
8501,174
8502,79
8503,128
8504,85
8505,164
8506,189
8507,191
8508,59
8509,85
8510,155
8511,50
8512,191
8513,21
8514,144
8515,33
8516,52
8517,172
8518,160
8519,190
8520,67
8521,190
8522,162
8523,32
8524,127
8525,17
8526,84
8527,22
8528,115
8529,153
8530,8
8531,64
8532,62
8533,199
8534,80
8535,114
8536,31
8537,37
8538,101
8539,31
8540,33
8541,101
8542,74
8543,18
8544,185
8545,9
8546,93
8547,14
8548,63
8549,117
8550,11
8551,87
8552,76
8553,179
8554,31
8555,70
8556,190
8557,69
8558,150
8559,7
8560,136
8561,177
8562,177
8563,169
8564,112
8565,141
8566,82
8567,145
8568,56
8569,87
8570,55
8571,106
8572,169
8573,22
8574,30
8575,190
8576,33
8577,154
8578,103
8579,193
8580,105
8581,152
8582,162
8583,65
8584,93
8585,100
8586,44
8587,194
8588,61
8589,133
8590,21
8591,154
8592,150
8593,165
8594,44
8595,165
8596,53
8597,141
8598,93
8599,99
8600,98
8601,130
8602,174
8603,20
8604,118
8605,164
8606,82
8607,98
8608,173
8609,155
8610,24
8611,87
8612,35
8613,43
8614,144
8615,27
8616,152
8617,137
8618,116
8619,161
8620,196
8621,66
8622,17
8623,193
8624,171
8625,155
8626,181
8627,74
8628,111
8629,24
8630,166
8631,63
8632,182
8633,118
8634,65
8635,197
8636,29
8637,84
8638,16
8639,118
8640,74
8641,161
8642,17
8643,99
8644,77
8645,23
8646,123
8647,18
8648,188
8649,110
8650,138
8651,167
8652,134
8653,83
8654,144
8655,30
8656,124
8657,33
8658,40
8659,149
8660,122
8661,20
8662,150
8663,188
8664,62
8665,93
8666,192
8667,124
8668,43
8669,161
8670,144
8671,58
8672,20
8673,185
8674,76
8675,26
8676,1
8677,108
8678,181
8679,190
8680,166
8681,189
8682,51
8683,121
8684,42
8685,110
8686,161
8687,123
8688,160
8689,107
8690,24
8691,110
8692,53
8693,36
8694,110
8695,52
8696,1
8697,175
8698,19
8699,58
8700,45
8701,41
8702,59
8703,1
8704,190
8705,86
8706,17
8707,85
8708,68
8709,53
8710,63
8711,126
8712,163
8713,12
8714,98
8715,39
8716,40
8717,154
8718,195
8719,166
8720,162
8721,128
8722,135
8723,146
8724,181
8725,175
8726,34
8727,107
8728,72
8729,113
8730,80
8731,3
8732,144
8733,144
8734,83
8735,133
8736,99
8737,63
8738,160
8739,18
8740,123
8741,118
8742,119
8743,56
8744,106
8745,158
8746,50
8747,136
8748,182
8749,79
8750,19
8751,138
8752,70
8753,132
8754,194
8755,123
8756,58
8757,87
8758,142
8759,27
8760,160
8761,67
8762,171
8763,143
8764,66
8765,18
8766,23
8767,8
8768,23
8769,33
8770,56
8771,27
8772,1
8773,157
8774,47
8775,111
8776,33
8777,76
8778,106
8779,49
8780,8
8781,160
8782,141
8783,168
8784,28
8785,197
8786,165
8787,196
8788,87
8789,97
8790,68
8791,12
8792,67
8793,197
8794,173
8795,24
8796,22
8797,122
8798,70
8799,17
8800,44
8801,76
8802,160
8803,46
8804,1
8805,46
8806,191
8807,89
8808,115
8809,44
8810,143
8811,199
8812,18
8813,136
8814,61
8815,15
8816,15
8817,53
8818,97
8819,14
8820,148
8821,4
8822,153
8823,108
8824,159
8825,88
8826,152
8827,50
8828,78
8829,158
8830,71
8831,47
8832,87
8833,44
8834,173
8835,27
8836,86
8837,71
8838,68
8839,160
8840,129
8841,59
8842,80
8843,134
8844,28
8845,78
8846,55
8847,148
8848,62
8849,21
8850,161
8851,163
8852,5
8853,3
8854,192
8855,71
8856,29
8857,49
8858,4
8859,74
8860,119
8861,49
8862,193
8863,3
8864,150
8865,187
8866,133
8867,4
8868,99
8869,169
8870,51
8871,19
8872,23
8873,48
8874,81
8875,136
8876,172
8877,60
8878,104
8879,40
8880,145
8881,107
8882,92
8883,175
8884,181
8885,96
8886,60
8887,148
8888,172
8889,67
8890,137
8891,36
8892,162
8893,74
8894,80
8895,89
8896,193
8897,133
8898,33
8899,80
8900,36
8901,78
8902,118
8903,174
8904,155
8905,46
8906,122
8907,74
8908,109
8909,122
8910,59
8911,141
8912,157
8913,53
8914,6
8915,129
8916,36
8917,195
8918,54
8919,24
8920,43
8921,58
8922,67
8923,30
8924,2
8925,59
8926,191
8927,55
8928,13
8929,158
8930,193
8931,100
8932,82
8933,192
8934,114
8935,107
8936,147
8937,38
8938,156
8939,94
8940,106
8941,33
8942,96
8943,49
8944,193
8945,48
8946,195
8947,137
8948,0
8949,154
8950,77
8951,154
8952,130
8953,18
8954,155
8955,1
8956,170
8957,100
8958,139
8959,67
8960,175
8961,147
8962,18
8963,90
8964,84
8965,188
8966,62
8967,153
8968,104
8969,183
8970,65
8971,107
8972,43
8973,31
8974,156
8975,72
8976,12
8977,109
8978,58
8979,153
8980,190
8981,119
8982,49
8983,117
8984,151
8985,107
8986,158
8987,33
8988,171
8989,156
8990,142
8991,104
8992,104
8993,79
8994,148
8995,35
8996,21
8997,15
8998,19
8999,180
9000,54
9001,8
9002,167
9003,129
9004,191
9005,29
9006,105
9007,153
9008,30
9009,175
9010,30
9011,133
9012,95
9013,29
9014,84
9015,182
9016,144
9017,189
9018,44
9019,114
9020,142
9021,86
9022,154
9023,4
9024,36
9025,187
9026,149
9027,111
9028,103
9029,64
9030,130
9031,175
9032,67
9033,164
9034,169
9035,26
9036,35
9037,32
9038,8
9039,159
9040,116
9041,5
9042,30
9043,89
9044,142
9045,120
9046,0
9047,83
9048,96
9049,42
9050,117
9051,147
9052,111
9053,62
9054,70
9055,54
9056,176
9057,8
9058,133
9059,30
9060,162
9061,59
9062,74
9063,15
9064,22
9065,86
9066,37
9067,86
9068,182
9069,145
9070,117
9071,107
9072,22
9073,83
9074,187
9075,67
9076,2
9077,145
9078,44
9079,14
9080,173
9081,100
9082,195
9083,167
9084,6
9085,27
9086,8
9087,70
9088,139
9089,88
9090,100
9091,124
9092,158
9093,49
9094,181
9095,66
9096,127
9097,194
9098,100
9099,187
9100,186
9101,192
9102,11
9103,145
9104,13
9105,108
9106,97
9107,14
9108,34
9109,48
9110,32
9111,66
9112,172
9113,143
9114,100
9115,127
9116,138
9117,106
9118,154
9119,4
9120,99
9121,132
9122,15
9123,114
9124,187
9125,23
9126,190
9127,136
9128,197
9129,47
9130,117
9131,28
9132,125
9133,174
9134,109
9135,140
9136,72
9137,40
9138,175
9139,80
9140,109
9141,38
9142,8
9143,22
9144,157
9145,17
9146,63
9147,81
9148,135
9149,14
9150,180
9151,139
9152,138
9153,165
9154,131
9155,191
9156,17
9157,172
9158,190
9159,6
9160,81
9161,174
9162,77
9163,95
9164,150
9165,90
9166,78
9167,49
9168,53
9169,30
9170,58
9171,17
9172,13
9173,123
9174,144
9175,145
9176,138
9177,69
9178,99
9179,115
9180,102
9181,141
9182,170
9183,132
9184,99
9185,183
9186,54
9187,73
9188,196
9189,47
9190,128
9191,25
9192,131
9193,131
9194,168
9195,123
9196,118
9197,176
9198,19
9199,61
9200,91
9201,197
9202,61
9203,166
9204,197
9205,153
9206,72
9207,161
9208,88
9209,78
9210,188
9211,54
9212,65
9213,196
9214,87
9215,185
9216,137
9217,199
9218,76
9219,19
9220,86
9221,126
9222,16
9223,187
9224,14
9225,62
9226,48
9227,140
9228,99
9229,138
9230,92
9231,156
9232,133
9233,190
9234,164
9235,95
9236,153
9237,34
9238,83
9239,155
9240,53
9241,106
9242,167
9243,121
9244,10
9245,137
9246,109
9247,21
9248,118
9249,53
9250,107
9251,149
9252,108
9253,52
9254,162
9255,163
9256,133
9257,24
9258,181
9259,108
9260,162
9261,48
9262,2
9263,199
9264,176
9265,95
9266,74
9267,53
9268,133
9269,94
9270,33
9271,21
9272,98
9273,184
9274,1
9275,75
9276,74
9277,122
9278,56
9279,149
9280,87
9281,23
9282,35
9283,98
9284,179
9285,98
9286,81
9287,54
9288,128
9289,162
9290,36
9291,123
9292,129
9293,67
9294,86
9295,2
9296,173
9297,7
9298,194
9299,5
9300,73
9301,188
9302,89
9303,95
9304,129
9305,156
9306,106
9307,44
9308,198
9309,94
9310,158
9311,142
9312,28
9313,159
9314,168
9315,87
9316,18
9317,184
9318,91
9319,77
9320,0
9321,183
9322,172
9323,62
9324,116
9325,71
9326,180
9327,182
9328,166
9329,52
9330,30
9331,110
9332,25
9333,197
9334,22
9335,20
9336,137
9337,163
9338,82
9339,69
9340,160
9341,119
9342,126
9343,71
9344,82
9345,33
9346,145
9347,150
9348,172
9349,176
9350,60
9351,116
9352,65
9353,44
9354,29
9355,192
9356,79
9357,55
9358,5
9359,110
9360,80
9361,143
9362,168
9363,89
9364,12
9365,196
9366,48
9367,179
9368,92
9369,159
9370,120
9371,57
9372,188
9373,28
9374,108
9375,84
9376,51
9377,89
9378,61
9379,83
9380,36
9381,195
9382,173
9383,91
9384,146
9385,3
9386,158
9387,144
9388,191
9389,156
9390,24
9391,64
9392,54
9393,55
9394,107
9395,29
9396,148
9397,97
9398,119
9399,142
9400,83
9401,100
9402,127
9403,64
9404,92
9405,186
9406,122
9407,155
9408,178
9409,95
9410,133
9411,104
9412,168
9413,104
9414,3
9415,20
9416,159
9417,177
9418,196
9419,193
9420,3
9421,118
9422,32
9423,32
9424,172
9425,12
9426,81
9427,80
9428,1
9429,101
9430,2
9431,145
9432,109
9433,63
9434,188
9435,120
9436,198
9437,3
9438,12
9439,120
9440,179
9441,29
9442,127
9443,147
9444,157
9445,93
9446,65
9447,110
9448,1
9449,169
9450,135
9451,105
9452,111
9453,88
9454,15
9455,189
9456,114
9457,173
9458,52
9459,10
9460,91
9461,8
9462,37
9463,102
9464,81
9465,106
9466,146
9467,181
9468,198
9469,54
9470,99
9471,31
9472,22
9473,180
9474,8
9475,121
9476,92
9477,146
9478,190
9479,77
9480,55
9481,116
9482,86
9483,150
9484,160
9485,163
9486,34
9487,38
9488,8
9489,20
9490,60
9491,28
9492,27
9493,66
9494,28
9495,103
9496,31
9497,100
9498,4
9499,84
9500,98
9501,14
9502,114
9503,93
9504,145
9505,142
9506,176
9507,7
9508,39
9509,53
9510,69
9511,12
9512,48
9513,188
9514,58
9515,14
9516,191
9517,91
9518,100
9519,79
9520,125
9521,87
9522,138
9523,61
9524,11
9525,176
9526,42
9527,176
9528,125
9529,195
9530,147
9531,105
9532,193
9533,114
9534,150
9535,35
9536,187
9537,85
9538,18
9539,165
9540,87
9541,194
9542,197
9543,29
9544,16
9545,18
9546,170
9547,128
9548,82
9549,133
9550,21
9551,152
9552,134
9553,170
9554,99
9555,97
9556,128
9557,129
9558,126
9559,88
9560,16
9561,48
9562,8
9563,37
9564,74
9565,66
9566,90
9567,119
9568,146
9569,165
9570,168
9571,179
9572,13
9573,44
9574,3
9575,51
9576,30
9577,199
9578,197
9579,14
9580,42
9581,98
9582,186
9583,64
9584,196
9585,48
9586,40
9587,13
9588,156
9589,121
9590,150
9591,144
9592,88
9593,139
9594,11
9595,111
9596,181
9597,151
9598,113
9599,93
9600,40
9601,139
9602,5
9603,73
9604,70
9605,154
9606,24
9607,66
9608,1
9609,21
9610,136
9611,59
9612,171
9613,151
9614,116
9615,50
9616,135
9617,33
9618,69
9619,147
9620,123
9621,3
9622,155
9623,60
9624,63
9625,199
9626,114
9627,146
9628,47
9629,141
9630,146
9631,149
9632,137
9633,52
9634,22
9635,62
9636,153
9637,92
9638,45
9639,102
9640,139
9641,176
9642,110
9643,65
9644,5
9645,130
9646,147
9647,137
9648,117
9649,95
9650,184
9651,39
9652,23
9653,170
9654,69
9655,149
9656,21
9657,18
9658,6
9659,141
9660,54
9661,173
9662,41
9663,0
9664,145
9665,195
9666,93
9667,50
9668,90
9669,104
9670,35
9671,137
9672,119
9673,152
9674,76
9675,15
9676,21
9677,71
9678,180
9679,35
9680,194
9681,13
9682,184
9683,131
9684,60
9685,106
9686,89
9687,175
9688,28
9689,172
9690,79
9691,127
9692,72
9693,53
9694,198
9695,103
9696,84
9697,110
9698,114
9699,36
9700,194
9701,150
9702,183
9703,178
9704,108
9705,101
9706,16
9707,196
9708,26
9709,66
9710,143
9711,32
9712,20
9713,142
9714,0
9715,169
9716,45
9717,103
9718,94
9719,57
9720,157
9721,5
9722,138
9723,6
9724,15
9725,171
9726,196
9727,184
9728,123
9729,180
9730,172
9731,56
9732,74
9733,132
9734,130
9735,126
9736,171
9737,81
9738,121
9739,120
9740,22
9741,124
9742,150
9743,115
9744,164
9745,68
9746,32
9747,176
9748,136
9749,47
9750,3
9751,39
9752,180
9753,99
9754,66
9755,143
9756,9
9757,10
9758,168
9759,192
9760,167
9761,48
9762,127
9763,2
9764,28
9765,135
9766,39
9767,36
9768,2
9769,44
9770,49
9771,52
9772,16
9773,145
9774,86
9775,68
9776,128
9777,12
9778,128
9779,191
9780,35
9781,41
9782,137
9783,3
9784,117
9785,149
9786,130
9787,140
9788,178
9789,187
9790,32
9791,109
9792,18
9793,37
9794,57
9795,65
9796,25
9797,20
9798,157
9799,82
9800,14
9801,20
9802,189
9803,108
9804,58
9805,50
9806,77
9807,128
9808,117
9809,8
9810,112
9811,118
9812,188
9813,184
9814,115
9815,103
9816,64
9817,198
9818,152
9819,55
9820,122
9821,93
9822,187
9823,76
9824,85
9825,52
9826,121
9827,11
9828,28
9829,35
9830,82
9831,187
9832,125
9833,180
9834,148
9835,7
9836,45
9837,43
9838,59
9839,67
9840,175
9841,30
9842,19
9843,169
9844,121
9845,138
9846,2
9847,196
9848,110
9849,121
9850,64
9851,157
9852,181
9853,139
9854,115
9855,177
9856,185
9857,36
9858,164
9859,187
9860,129
9861,180
9862,134
9863,107
9864,150
9865,122
9866,7
9867,139
9868,127
9869,103
9870,83
9871,110
9872,79
9873,176
9874,75
9875,16
9876,198
9877,39
9878,17
9879,181
9880,20
9881,90
9882,124
9883,158
9884,69
9885,122
9886,138
9887,185
9888,33
9889,193
9890,199
9891,141
9892,134
9893,70
9894,35
9895,183
9896,136
9897,153
9898,181
9899,173
9900,63
9901,179
9902,115
9903,123
9904,11
9905,177
9906,31
9907,57
9908,112
9909,97
9910,112
9911,178
9912,38
9913,14
9914,112
9915,174
9916,83
9917,84
9918,60
9919,49
9920,148
9921,81
9922,65
9923,140
9924,179
9925,113
9926,115
9927,109
9928,29
9929,141
9930,8
9931,187
9932,80
9933,167
9934,2
9935,9
9936,58
9937,150
9938,97
9939,73
9940,29
9941,119
9942,32
9943,132
9944,139
9945,168
9946,11
9947,28
9948,42
9949,116
9950,62
9951,55
9952,35
9953,70
9954,97
9955,182
9956,82
9957,154
9958,82
9959,122
9960,68
9961,52
9962,144
9963,92
9964,39
9965,150
9966,115
9967,34
9968,38
9969,97
9970,13
9971,9
9972,142
9973,112
9974,189
9975,195
9976,46
9977,31
9978,169
9979,52
9980,189
9981,87
9982,95
9983,35
9984,39
9985,191
9986,45
9987,98
9988,171
9989,83
9990,186
9991,37
9992,108
9993,133
9994,39
9995,157
9996,0
9997,57
9998,85
9999,5
10000,168
